clientid,income,age,loan
1855.0,54957.449673675,59.506367242895095,6976.4632747324
112.0,41631.6662961617,53.0476547656581,106.09074717935
1630.0,42775.5255065858,39.227083160542,6145.98775686718
844.0,37598.3850844204,54.663929305970704,3641.8084108437
818.0,37087.268759496495,57.5763008045033,6391.153194203221
1003.0,63166.99495539071,56.5100399320945,4058.78953380435
1522.0,49240.762500558,53.2545798174106,8004.35984024104
1136.0,30451.6361607239,42.1971366778016,475.42059173565497
814.0,32834.6467390656,60.5802186657675,4184.57820320039
1315.0,20904.5554790646,41.0178787028417,2606.0237760494
1079.0,57914.7310741246,50.611599714960896,6715.85790769023
919.0,23973.6875914969,55.2882977472618,95.46072237503591
1820.0,57240.7569433562,41.571390764322096,313.627941832336
611.0,24294.6768924594,22.2630956131034,4360.05300945404
1572.0,40716.1908852868,25.805651593022,2389.7007594319502
442.0,60929.172351025,60.0587776736356,11146.0744599728
924.0,49369.7041459382,51.373417267110206,109.379622752269
784.0,36029.301576782,52.6406244202517,2928.10043864962
1328.0,44047.6665552706,27.313371989876,2096.9175014220605
1601.0,38157.029675785496,51.528140125330495,5628.01200410865
810.0,37145.5730567686,53.19827894447371,1510.73550672394
324.0,26581.6145273857,61.9533737506717,5090.39277440685
1947.0,30047.8194071911,51.077324590180105,5768.742734990649
1101.0,60063.693094998605,59.1146443360485,6766.29418079942
198.0,35045.1314053498,28.6532836551778,2382.46677216556
845.0,61323.0009027757,60.1660164748318,8699.94668231535
1115.0,37887.5493933447,24.4157260977663,5061.77783089573
912.0,23087.3014009558,37.6196372602135,423.418399504824
993.0,63114.49698871,48.3510828255676,11890.7571906353
332.0,24698.6693050712,48.9125574673526,2427.65078779499
1199.0,24951.257491484303,62.0411404804327,2544.35600305062
1059.0,53298.496145289406,56.9097073297016,2106.70979061764
986.0,31763.3691988885,35.602517284918605,3489.40412162135
1173.0,64392.5122148357,37.802182244136894,4513.24371213783
1343.0,39545.9595881402,43.7008667183109,5787.6580446965
1039.0,60264.9406460114,54.7213634261861,2241.3881435993103
1991.0,34237.5754192472,34.1016539284028,2658.0906316048604
1098.0,22228.3452912234,33.359457094688004,2187.21333714559
1561.0,66981.4129988663,27.4809546503238,6678.56280037054
829.0,68100.73561966419,47.7529402710497,8124.598979910799
870.0,65000.8196174167,21.699699527584,1114.91482428033
1417.0,20595.934584271203,45.4752244236879,1330.06763791175
185.0,61167.774819769,20.5836314358748,10396.6181477631
1341.0,40081.4205571078,43.1167432819493,770.7775495685299
1852.0,40522.8282837197,63.8871408342384,7720.7804890635
83.0,36801.9071803428,43.0279434239492,5406.34492649729
409.0,26680.1458364353,47.7617399827577,1671.18492391845
651.0,20346.4690526016,35.7160736531951,656.03318788707
55.0,24912.8426820971,49.3663711971603,267.696298601759
113.0,68762.4166649766,20.9912433563732,2796.75230312401
921.0,33585.4747379199,60.3773854388855,3933.88301194765
894.0,49972.0108276233,32.3969839904457,763.9541158786079
822.0,57426.680477801696,20.118845096323604,2461.97440578532
610.0,57628.438917454296,23.986563928891,5021.63968348642
1162.0,28451.7055656761,41.6010754276067,1042.8503755962402
294.0,31657.6193016954,37.778664294630296,1448.07198358459
1683.0,47770.71142336349,33.9493660898879,5366.868792741489
1698.0,39762.5265805982,25.669949863571706,3809.347155149461
916.0,55730.6292280555,55.1564379627816,9286.3575449382
1105.0,53654.0793650784,44.13723421283071,6587.77555584342
1980.0,33702.531834133,48.14840359007941,922.036589731527
282.0,62889.362142887,33.2456503002904,6525.15179253791
918.0,49746.8874370679,29.36146192858,7354.129522959979
984.0,37277.2461199202,26.6331468173303,6289.25607587104
1936.0,33707.801036071,59.91764355450871,321.578931158535
216.0,46643.1264812127,53.40508336713541,6440.861434225771
1281.0,62693.26957874,22.5268648453057,5321.71255785555
1429.0,69191.2333760411,57.385184686165296,6270.5740351263
446.0,34141.9276362285,47.151148673147,3371.6643103609003
660.0,46082.072162535,55.158467172645,2921.2353791526803
1109.0,22127.9241074808,61.188782650511705,1777.82855129135
1821.0,49973.6664630473,43.91861469391729,363.89991696954
1324.0,42450.5430436693,61.6142461770214,6210.280586951011
48.0,44379.7296541743,50.088671288918704,1814.33508159906
1078.0,58910.2917746641,31.013961953576697,3671.92309443706
479.0,38665.0339281186,55.1259217481129,6152.00483311834
917.0,61660.40131822231,48.8987582297996,1684.52656398846
1506.0,33546.2920414284,54.6984751406126,5347.29550689902
533.0,49604.544211179,51.944008814171,7045.91920223369
1468.0,61398.687066976,63.2944037974812,9008.154521284408
127.0,26157.7772721648,22.8269377253018,2295.81165641849
211.0,49589.1537214629,42.7752558849752,2627.4054884209
427.0,37302.0833986811,35.0154038900509,2366.17424012737
655.0,48305.4270897992,55.2125356951728,4833.47746990896
1848.0,55145.78500762581,57.8824586365372,8968.67887727982
1526.0,52205.6070552208,24.6401438564062,1135.1522255492
1049.0,33436.4890051074,34.669146894011604,5473.98555060076
441.0,69445.64944598821,28.8182737701572,10643.404179057
141.0,45341.4746373892,22.569568357430395,6525.21842259918
132.0,55613.4854606353,24.3771287729032,4255.2521372008505
373.0,46065.948209725306,52.8386391988024,4947.308727595901
1376.0,43969.6041564457,25.4830486518331,7455.92015661369
161.0,27947.440282441697,58.3484551762231,5514.11742142548
599.0,35993.2879265398,41.875001901295,901.9277106596428
304.0,28010.190934874103,55.3668996649794,3971.15547880774
1153.0,53287.385024596,59.55992484558371,4432.66544443383
414.0,22118.3573291637,63.0159466909245,3928.1218464785497
1604.0,67346.6624622233,34.9015168333426,6752.12245843297
1580.0,29072.15179177,38.4758883691393,1589.43843220617
940.0,45789.4875248894,36.2980512883514,4545.15745895782
333.0,60560.3055260144,49.75058566872029,1994.6211339084696
1647.0,41916.692680679305,48.1487081670202,6106.10958603407
1955.0,67754.1046682745,42.9807849037461,2989.95099658697
1076.0,52809.54628717151,61.0133191822097,6276.830736703339
105.0,60844.092494808094,45.6552049978636,12072.2557579712
1914.0,69992.33271228151,41.771231430117,52.872190279850905
1748.0,22547.9616364464,57.6264127613977,2957.295712230089
469.0,22089.8374845274,21.2967032683082,2584.02203777874
855.0,32151.296855881803,42.9149115667678,4601.94008647427
588.0,20511.4294355735,27.1962682502344,931.790074364881
203.0,64718.66177627821,37.2764920084737,1485.07993541129
1067.0,44218.7663214281,58.579258533194704,1693.92017886189
366.0,32222.8188090958,61.8106158780865,934.477133128546
1938.0,25602.957250084703,28.4463765965775,2214.92249276823
1195.0,67528.6542088725,52.88850155426189,7877.415131351679
1196.0,61156.937379855706,31.8024259502999,3250.00608359258
504.0,35886.7268357426,34.6683487799019,843.74909202058
69.0,24857.6948815025,21.598676353693,2692.1634585589
1927.0,52901.9095399417,60.2613593284041,729.3773771563091
965.0,52565.0657410733,55.69652934977779,372.974253343653
1815.0,20647.887645755,20.3216455606744,725.456868595806
52.0,57596.3540980592,29.2460566032678,3344.38440143163
1942.0,41027.9073566198,44.7719354680739,4369.21887593705
386.0,20258.538662456,29.115531621500804,2767.8372998142
889.0,67949.73806710911,34.4796788198873,1790.3486165291397
816.0,41254.2281951755,28.948204752989103,6993.04944148178
700.0,28218.9652719535,42.624393875245,1305.08243308288
667.0,27521.040341816803,35.0865972880274,2699.85134586163
1663.0,51657.1239614859,35.4146975870244,609.350885818378
1214.0,58074.6065406129,59.798669480253,8551.25989324198
1369.0,27082.7189832926,60.277962766587706,4990.55712316988
608.0,45652.0592723973,53.6743410034105,5408.21212921339
688.0,42435.1894925348,51.4895268101245,2766.28091438528
197.0,52908.8242375292,53.6956359203905,9841.080552709607
675.0,34158.6339683272,29.421142429579,2911.40806707675
935.0,45783.15475257111,63.8850437430665,7492.90982010653
7.0,48430.3596126847,26.809132419060894,5722.58198121271
1956.0,48500.2681543119,61.304800246376494,7054.60614935761
1386.0,63660.6488074176,50.2829601247795,7832.57241133557
1383.0,63910.3346550837,56.6356326374225,8986.718948176229
1564.0,50895.8103414625,18.9570020614192,5556.83987007072
53.0,29681.8830934353,54.9592871875502,1745.87167418898
1634.0,30084.15883407,18.4508251422085,737.253724397632
571.0,30187.0918646455,28.155084246303897,4462.82325767409
156.0,51689.548538997806,46.154191521462096,9881.97600620667
1063.0,62247.87973798809,39.2296556243673,1870.71508930953
425.0,27028.1555876136,48.1095946743153,331.364308695631
1666.0,48414.2515389249,21.953589855227605,2105.7095047383104
269.0,25685.535201337203,39.0091894618236,490.742921135624
1260.0,50064.346373546905,29.3425137042068,417.633105841677
601.0,40484.9713249132,39.28143316879871,1093.67920279022
1912.0,48455.7174076326,27.4762682910077,1780.5073342770602
1367.0,36024.9378881417,51.806886471808006,4155.44929016665
828.0,61363.856056705095,62.136373864952496,9636.80473053473
1690.0,67010.8409761451,51.522295596078,11646.9106059041
1563.0,42965.9927543253,45.19554598908871,8109.05140901618
1849.0,48752.4240789935,30.763360913377294,8934.78576079228
521.0,32804.904486984,62.2943905089051,4961.25568000026
341.0,52945.5477884039,54.6319151935168,6262.00794529651
159.0,65632.6045794412,47.1057667518035,12498.040454376298
1411.0,43108.4145605564,22.291961919982,647.879378621526
183.0,40543.9135432243,51.460875617805904,6507.8501914892895
1736.0,64056.536117568605,48.86906317761171,5982.80503901825
1141.0,69310.9572678804,42.1106091835536,1590.32580358526
728.0,68827.24432973191,25.3025307892822,1049.1754772678098
1702.0,58082.3601037264,60.15632703388111,9175.66731776003
137.0,55305.5748273619,53.582279865164296,8176.70716548325
596.0,49413.2985407487,18.6478525786661,2554.0443515729003
1990.0,43662.0926880278,25.252609259914603,7269.59689733384
1404.0,52234.0753511526,47.984505509492,9255.842933769847
242.0,51000.4224418662,27.8029975118116,778.732695554933
399.0,27135.072618257294,54.83645980479201,1387.2488010579998
1176.0,54953.9796588942,44.6922360216267,365.646185165774
846.0,21243.9323007129,57.868060216307605,3438.97927728268
18.0,43378.1751943752,60.84831793932239,3277.7375531263
155.0,60218.53152662519,32.4718877156265,3157.9610817063103
133.0,37049.3862358853,29.4230185477063,6056.81721377313
1851.0,36431.1614120379,46.45279703848061,6783.361362639921
1789.0,36565.8038924448,19.8994022835977,1888.3347360569896
70.0,33180.2015937865,49.56597727723421,4621.99774242203
1137.0,28726.996299810697,34.7514377613552,3675.83341454456
1500.0,31400.8584292606,62.585855379235,4464.40426807541
1286.0,50208.5300209001,35.0276599256322,729.6044302940429
1229.0,34505.8009307832,49.32442036643621,2151.6965921599804
303.0,21533.5955074988,57.9016834627837,1971.554219965
1919.0,48547.961381264,56.6414742642082,1940.87069929917
1751.0,26325.503392145,56.3502777488902,3336.13147168388
95.0,42095.4222022556,55.3661880465224,1183.70456825763
325.0,62040.8896286972,62.04980097012589,7643.631046107171
1111.0,60720.7960961387,38.82036029454321,3278.1797272838203
1277.0,42521.7907107435,54.7489202921279,6745.81770760811
884.0,53852.799539454296,42.7828555498272,2089.9094635253896
253.0,27089.3928408623,51.29419703828171,1851.31156299008
833.0,40230.9757121839,58.7940956773236,745.19474910364
1464.0,36989.5895407535,33.7556324498728,556.55594070128
209.0,61000.0427742489,48.6236102138646,2160.78490802133
771.0,30731.7262794822,40.388842944987104,1129.5624120295
530.0,25052.8202555142,45.573993484024,3367.7019234673803
1240.0,47688.2505742833,34.567089017480605,1377.01840698314
398.0,35195.4663451761,49.6584056043066,2836.98817845671
1207.0,36837.5308508985,54.7285039871931,1598.18356896296
46.0,41725.6128555164,18.1300383633934,1185.21469984619
307.0,43957.35058235,21.1448488398455,5416.3577980789005
612.0,52218.88251136991,37.5427567730658,9792.09153131215
363.0,47316.7013772763,27.0641977209598,1940.67404392486
473.0,31645.6328192726,32.1632712800056,5193.83819663771
1528.0,29398.7274216488,41.412175883539,4673.766197510329
435.0,23086.2554092892,24.8499603327364,1256.4011595099698
797.0,53200.5481468514,59.6917192977853,3090.47311929628
1615.0,27010.8837680891,36.6096224458888,2373.17525529916
1406.0,52623.4375941567,50.4185268948786,1156.31970334277
1297.0,51595.3574841842,28.4618167453445,385.4033625116001
773.0,38075.3187742084,53.1073599536903,6928.943621162839
1524.0,67006.8064867519,36.1980030969717,3692.1691720194
1639.0,46118.5501003638,23.974000670947103,2728.31148575531
175.0,39772.1187258139,43.725447806064,5492.89368937988
1308.0,68936.32135353981,43.3650562143885,11073.1585048799
653.0,51915.6797835603,44.1091034938581,2282.91102164954
131.0,60119.0658099949,45.0769692314789,1810.96045966416
613.0,50061.7677392438,55.3610418764874,6145.131816878149
1834.0,28713.8305185363,54.700845524203,1936.81325684877
1835.0,63321.909266524,19.487914884463,8092.982779946221
1456.0,53226.1944073252,43.6187472892925,5686.64311580018
849.0,51718.13696390019,34.3504997366108,1036.61680359844
535.0,57590.283283498095,19.497102680616106,7676.310662575241
451.0,60675.8121564053,39.96390620013701,11617.7489093447
380.0,66339.78387573731,35.5919052129611,2350.89150808837
911.0,25833.7172260508,19.2075996422209,3716.2546852118
1863.0,64287.3976309784,45.883906444069005,6301.594778224129
1574.0,68503.2058903016,19.2805354306474,3580.46367722387
509.0,56665.4940880835,61.6451227366924,11159.7931652015
791.0,20762.4744670466,25.3291227403097,2385.2248369160297
481.0,66049.9340319075,29.3157673976384,13171.463290824842
250.0,27083.822868298703,60.6666585183702,3286.21288155866
1875.0,55320.7800071687,29.417216334492,5990.716973188271
600.0,63402.0046843216,47.2234288896434,7530.76763344307
1151.0,53825.43057668951,45.35669021774079,431.4501612013101
1180.0,51906.0461595654,36.5730408038944,10235.2726101919
736.0,54022.9128370993,26.561012302525302,10641.4514434212
1221.0,42059.6369006671,55.2906857491471,5310.271528649289
729.0,58092.2048934735,41.8136523533612,5277.740419709729
154.0,34559.907035436496,29.1121819927357,3317.52987409072
89.0,53607.326925266505,27.561712404713003,2378.7661730363297
909.0,63182.45566682889,25.5863821250387,3493.22456741209
691.0,66539.9275999516,57.705559293273794,12129.0822259617
1796.0,24709.083249326803,54.7452039136551,1915.3855935111897
715.0,50831.427534576505,24.3516025198624,9572.58688405588
346.0,50139.7400093265,30.2678123456426,7758.79982277807
1445.0,24985.590663272906,50.132754800841205,2017.13994839746
1458.0,64065.682857763,43.28767313994471,771.71749424679
1931.0,44241.28300044691,19.9825388290919,8733.179295151309
1977.0,30529.963287990497,47.6044022589922,6046.84084474272
1167.0,68263.7662440538,42.6429535117932,4124.33040419948
1888.0,36370.493976865,39.6707891300321,2855.2160995866902
903.0,48991.85367859901,18.621307099238,7453.26426764463
1122.0,36126.231092494,40.7079118597321,3805.8027214255
321.0,36132.423875387794,34.2942604152486,99.4495914003405
1075.0,53768.2282086462,25.3775038844906,3696.95324417008
1806.0,46427.499181591,61.84653541492301,5671.45055982651
1900.0,35784.6634858288,46.5478702839464,110.202890548355
813.0,39124.164362438,44.557108595036,401.32673340017
1985.0,64636.4021860063,60.8869659984484,2583.1064251157
406.0,68147.9573179968,22.9843944823369,12307.5623225278
415.0,56275.4100235179,30.249871416483103,2224.8841598973604
1656.0,33820.186513476096,61.0508843427524,4342.17811096838
1675.0,31523.9528589882,62.2749227751046,5697.0214691969295
1860.0,60729.9492391758,40.7735017831437,5006.850087456421
173.0,26039.0214901417,49.3904022299685,2056.75238228244
1813.0,20803.6145358346,61.8922501667403,758.43484908373
33.0,67252.9006074183,38.1319074640051,4221.30315714475
975.0,21211.5893885493,32.6511982483789,931.781052200198
932.0,49054.86027011651,54.0686636208557,1102.24036140034
1812.0,45245.7397524267,35.8244426706806,1974.0099040035504
117.0,63161.0920350067,59.6751149813645,804.092441476811
255.0,47007.3135849088,45.01979642966759,4069.40264613646
1661.0,50660.9042454511,52.168664039578296,7511.0034944948
954.0,48083.311545196906,39.1573059842922,9193.09526352272
1339.0,66896.7653112486,31.5454680258408,387.394420295952
1553.0,56256.0388748534,22.1605025473982,5452.24453174869
1693.0,31920.412722975,52.15906047308821,217.18796207658
1184.0,52836.0064304434,38.2513631763868,5671.64432790405
381.0,62650.719662196905,33.4840662707575,6425.36536372003
20.0,58887.3575488105,26.076093018055,4965.51606626419
1921.0,64057.844788767405,59.8584348168224,5774.281958129571
676.0,29732.057619839903,38.8767124265432,3485.01802587388
1520.0,51845.9425587207,43.4194350652397,8750.83208800708
1532.0,60302.558999974295,52.1849490096793,6509.698608005079
780.0,36112.8744133748,60.5793527024798,3737.2121871986296
34.0,58886.8512935005,38.6615042379126,7271.552032470579
14.0,27267.9954580963,61.576775823254096,4759.7875810455
434.0,55273.2750005089,25.4163910276257,10282.9974457346
352.0,21081.1941814609,52.3828332629055,2395.1653496083604
495.0,52534.78547558191,47.1836194796488,3810.1318418453498
565.0,23532.276302576098,59.6337369862013,1077.8404003017
1780.0,34238.5302926414,63.4341880124994,6002.935110435239
1802.0,67802.6944561861,49.0379870776087,13171.463290824842
574.0,42476.2655328959,46.43822313146671,8334.18200780114
1705.0,40443.2036262006,33.6592989233322,1857.25232688308
222.0,43727.439343929305,55.1925993468612,1170.55633399312
1730.0,59579.6092110686,51.1302135973237,2319.36285651329
1323.0,39992.7191133611,20.826679904013897,4999.2020148962
1709.0,42205.6829021312,23.4349054512568,2444.73719560844
840.0,62955.6082934141,29.5495097753592,207.543817763712
696.0,30415.105079300694,22.9836358460598,4362.0831523754205
683.0,57999.7723852284,62.770110633689896,859.589294215437
1786.0,32435.2481099777,43.06626362213861,5685.405228108671
491.0,42468.0208251812,28.625819175504105,1902.26561035478
998.0,65776.2324134819,39.7981913359836,2805.86374471748
194.0,42522.9224073701,53.868651077617,6790.85026335851
122.0,43912.062740419104,23.8219211781397,7757.136788699259
1941.0,29933.2019337453,18.6590213244781,5953.52187129338
94.0,21053.4906177782,63.3794076466002,754.601882142809
1711.0,47398.3110440895,50.17342698248101,9041.87883545742
1267.0,23345.8664547652,38.2901748446748,4548.11028864043
1421.0,41103.1369166449,63.07950736163179,3644.301903482829
961.0,46564.3788967282,50.6512996880338,599.8303239514551
74.0,57018.4848317876,44.825715307612,3507.25216607221
1424.0,46424.2212288082,59.206105916760905,4087.1807070511104
746.0,35683.7449525483,44.4978791652247,4337.82555851561
1739.0,58609.13148382679,22.0975798517466,4270.5329956158
607.0,68038.7920164503,62.9481293545105,10108.7958488382
56.0,47761.8240681477,50.09815906733271,5549.799127875761
766.0,50719.7630754672,43.20724464952949,4770.937668011939
84.0,68811.7794157006,24.038265345152503,4211.30261071966
821.0,65481.9455510005,45.038576235994704,10614.2484928222
1329.0,24821.214126423,19.2439025938511,874.324255506621
1165.0,64162.6496147364,53.8555630729534,6938.012519684549
339.0,64644.3481021561,58.840656749904205,9848.171448939893
474.0,32306.8084008992,21.9063058434986,3603.3640781354297
1357.0,67921.63211386651,35.8519781911746,1399.8754718255402
1134.0,56233.7895436212,57.991085652262,9642.09253829297
1558.0,21683.1937246025,46.0273932213895,339.592268926788
1309.0,20436.3312851638,56.940966158174,2356.18197012062
1147.0,26558.361055795096,57.833364835009,22.327933177844
1809.0,34569.3046390079,63.640651529189206,6254.52761697167
248.0,38600.7071868517,44.7227962231264,2749.08019063432
1245.0,20252.123456448306,27.441609795671,3360.0594135198903
553.0,53493.4860118665,21.874746390152698,5030.82879986161
1624.0,63637.281830888205,26.8519875449128,9955.225361701909
681.0,40916.564145591095,48.3197407145053,5219.80402778761
1499.0,66768.361213617,49.1308748191223,4255.36763560122
233.0,65176.5297795646,48.9632109752856,2365.28749039987
1168.0,42889.3341613002,57.5066961911507,6340.708854775439
1203.0,66008.3970683627,19.4274257733487,9189.61151437781
139.0,64899.8050298542,38.1160166831687,4654.249217083549
143.0,28239.5432051271,26.1922096619383,4189.83256804479
1819.0,48765.128867235,50.07041653990751,5183.859126382
745.0,37536.3472430035,25.8566775699146,2634.3585848472
62.0,37403.7953955121,47.94412170024589,2044.04704534067
1589.0,62313.2776282728,60.9173057088628,925.795592135596
1862.0,57513.8174626045,33.0920195085928,6921.4910285276
1453.0,20014.4894700497,43.2022035038099,2426.30622270591
404.0,62192.4670692533,46.0507889031433,1863.89100271298
539.0,60857.2350512259,37.3942870064639,10486.7443460306
510.0,42912.09053946661,60.5821975269355,4550.12285317107
243.0,31523.1077652425,40.4461679388769,5174.57056869183
385.0,29670.6718439236,53.550199660006896,2928.98408763734
1940.0,48187.347878702,55.5330095859244,2003.41184966425
1962.0,28991.423936095096,37.165156937670005,1249.34756391816
461.0,32319.262220989905,42.9319930765778,2733.42055865967
826.0,43069.6521466598,41.2400346901268,4091.56129167425
1645.0,34876.3329256326,53.4156972491182,3102.34705911763
1536.0,22925.8120805025,34.7410444347188,2547.27974185242
747.0,45622.2907104529,41.6325453221798,528.181250121176
1291.0,43536.0389109701,27.866907121148,6427.726092600339
927.0,30608.943237457403,46.47670398280021,2632.5518109756
98.0,51663.410179317005,63.735710240900495,4147.8885848744
458.0,20686.2390902825,33.2805235567503,3052.576690614569
1082.0,55649.05588282269,19.6645014896058,7660.34617051509
529.0,22765.1909156702,20.5874274233356,540.617724673382
1928.0,41183.8246555999,56.0323648834601,7606.993238559659
1209.0,68127.1668104455,47.95231119776141,12099.9702958367
1648.0,50052.292929031,27.4822348952293,5589.328271244829
65.0,69078.6048118025,25.1075240480714,4076.58391416475
1157.0,29049.071487970697,57.7825545510277,2562.69555387066
564.0,31210.8470173553,54.1049066702835,3853.08804154651
178.0,50072.8476257063,33.0152727491222,8088.568018568091
1953.0,31898.159910924704,41.3171591130085,2015.18296932815
524.0,56050.3025818616,23.973829543218,6870.83901013046
376.0,58695.0943968259,29.7744096326642,1826.51630229436
485.0,55934.432561043606,60.7552497629076,5643.179899328969
520.0,64913.343840744295,26.766311223153,9781.3267216691
1579.0,29849.967143964,39.9287241469137,3678.89967602364
301.0,27218.561030458703,55.171019956003896,4145.00358705858
164.0,58627.5548837148,33.1156532461755,1215.65255980478
1891.0,57303.4797608852,52.15536584705111,10491.6321514839
1238.0,32406.5707321279,20.9865613454022,3394.65824024028
1565.0,46175.0319390558,36.9153439118527,1064.08187542437
1179.0,56696.458596270495,57.5202533886768,9686.63030666495
96.0,50360.6787929311,28.839542468544103,4217.166823074771
1787.0,58028.2131955028,50.0954817184247,5753.89502717095
1966.0,29572.9758962989,39.230477804318106,5006.25382336323
1371.0,59295.7410775125,51.3497994663194,493.714429947331
1859.0,60672.1455859952,43.0559086166322,6279.6870072868005
540.0,62908.35747960951,51.146827210206496,3213.89814552844
412.0,52934.5944337547,50.4029816468246,3248.62771841795
991.0,53638.6459530331,44.0273743555881,109.478853603893
1110.0,27408.729614689903,37.691731847357,2591.02894660536
291.0,54925.518266391,40.8056031088345,554.4883448103379
1298.0,23097.3764834926,53.76303351297971,4517.5798007499
1728.0,63330.7345490903,30.230243618600102,5170.89985156585
1087.0,44170.221737586,24.4703706367873,2168.75173497275
1228.0,31233.307758811898,41.7040518331341,1662.45361648808
620.0,45936.5972015075,41.994010291062295,8525.231909003141
720.0,51894.5400998928,59.00376830482861,6579.534006664229
854.0,46839.061093050994,28.733358708676,1498.20031600578
1799.0,46696.8926647678,34.1997820041142,4732.4981439056
543.0,20598.9265628159,35.7711543226615,3872.40246823472
1185.0,51733.28750999639,24.9149514483288,7906.14117885321
1463.0,31410.5072920211,36.2045733071864,5797.292398100711
714.0,29736.3105043769,35.2983984411694,657.0484089194509
1450.0,36455.7015057653,38.4789186194539,3437.0768952533504
467.0,46195.7771726884,32.4135985886678,927.0675938508432
1250.0,51144.2430480383,37.8379998626187,3411.65642431526
1320.0,29976.8290994689,57.666153101250494,3796.03274043959
888.0,29366.582334041603,22.4840485332534,4049.25386522537
315.0,51348.5273043625,52.4367397828028,1507.89134084423
576.0,36266.2118673325,55.542362715583295,3206.9276653834304
453.0,63653.8399080746,27.515368877910102,8866.527185298779
707.0,39834.5198412426,63.312275260221206,699.9557764042171
1378.0,69939.3296777271,55.6376212476753,2225.2245333151
1035.0,53810.847660060994,51.4329729834571,9154.47701536417
981.0,53005.13229332861,45.6872204705141,2539.33674893338
578.0,64467.803684528895,63.4005892067216,521.5757013705901
570.0,57856.8082349375,33.6821509548463,8824.16474742706
502.0,43963.7380116619,41.553842225112,4481.43686080601
64.0,32727.7007326484,34.4748710067943,1087.91936375134
847.0,62111.4344149828,25.976458594203,499.208578202042
360.0,47904.3412418105,40.039270239416496,6183.514146370021
805.0,26449.3282930925,46.4791532470845,2952.12315164984
470.0,54707.2885138914,44.2378814583644,10255.1901115656
1660.0,23641.7026771232,56.8136033872142,4203.50355956808
134.0,23122.0649252646,53.3095358414575,4263.49303076889
1330.0,35583.6185440421,63.0543971573934,27.2524822472804
1418.0,56445.473914500304,55.6615202557296,6875.57968295662
1740.0,53289.0679710545,32.3002068898641,7395.513416308141
266.0,45587.5518429093,62.02213807310911,8366.61426770219
750.0,48322.5140650757,29.2626339835115,7732.69639567081
1403.0,54009.6922824159,49.409900434315205,884.735504669608
1794.0,28163.2950692438,58.00352913793179,2121.1519558446303
1231.0,45986.3534010947,20.287295401562,7112.926157135659
1573.0,64966.0656391643,28.379293691366897,11495.731101963702
40.0,26578.5366925411,32.6760442531668,3489.84313638823
689.0,46365.573517978206,41.8526130542159,5443.27630749977
1276.0,46942.9965177551,55.6415401669219,2187.0654844887
1423.0,20774.8458185233,35.5881441300735,1347.33161169418
907.0,47985.7224668376,33.5597739792429,8801.61012677399
1582.0,46672.7131442167,54.548703772947206,1408.49771708358
1396.0,36475.3535296768,63.330431796610405,413.311163077388
1800.0,50112.4621997587,41.3046374535188,5067.03292510384
717.0,54049.0127447993,54.6203531795181,4569.64791088147
1205.0,32188.016239088,49.428864156361705,4659.9533251724
1069.0,54656.5490355715,18.3938295515254,9911.134962918291
265.0,55235.5040726252,47.0052601420321,4910.54765823574
1514.0,63144.4592075422,32.0986736253835,812.572549581062
1187.0,68223.6843090504,28.990415092092,7364.001944720329
440.0,58580.9595114551,56.62695133779199,4317.71547822747
1505.0,43044.5177759975,60.8484243666753,1661.71345972499
1107.0,61869.46603003889,36.2273041848093,1040.49367322611
1810.0,52797.4010375328,21.127010439522603,1080.42349008036
49.0,28416.899375151803,57.9287192984484,1788.97373591901
429.0,62678.6454510875,25.8393941298127,333.441398145797
1901.0,24791.186703369,39.6432714527473,4844.68098269435
1155.0,48405.726805795,47.9328826097772,3766.6144347919103
1282.0,65307.1274794638,23.7231658161618,1906.7955301891895
868.0,28982.1123634465,35.2682511825114,1440.49916760651
1708.0,67032.2894630954,44.3261667871848,5487.820265810829
1242.0,34051.5280421823,35.7456523925066,6224.15288632328
421.0,30595.7480147481,40.9114946299233,3495.0698810157105
1989.0,42067.246446386,24.2706115185283,4601.60618266029
426.0,23519.866091664902,34.393706864211694,2368.3812306499804
623.0,43694.0344446339,49.5150355361402,5049.635508890789
1140.0,59208.716084249296,30.9311519302428,11479.4378054928
1509.0,66274.0728980862,21.8256042641588,11576.5422365979
534.0,48433.3734889515,28.5319973430596,789.63336134554
752.0,38035.9513266012,60.6552104717121,4298.705027677411
135.0,48790.1324336417,32.4756210590713,5519.09603957038
1062.0,42119.8227140121,60.064201827161,1930.56653214215
1295.0,32282.251752913,42.63495588768271,3345.94195799976
1060.0,48818.3823227882,49.29612193629151,2312.4217766474
963.0,29307.3207652196,61.1649569645524,481.842697119885
1178.0,41993.9843169414,36.1928164209239,6644.34421410885
804.0,68755.0944206305,53.2281321543269,10990.5337530187
831.0,54421.054006088496,22.9615335506387,6229.83601904736
974.0,30578.0201614834,55.3661617422476,3010.3502403137395
969.0,60016.07961254191,54.3172402922064,2857.00741354764
1036.0,55478.9673699997,53.7629200383089,6227.54177432686
354.0,46706.4588610083,18.8303362894803,7084.263509070559
640.0,64751.1465405114,53.63820349238811,2289.85125057492
206.0,25817.389884032295,37.9454801897518,4115.4847193336
1687.0,47481.4296397381,20.4952215258963,9402.87611781971
757.0,38381.4130607061,54.0833714376204,322.724155555729
1743.0,22815.640612971,61.7265654839575,2749.0798436118102
701.0,40208.1318595447,61.3719132794067,459.034688796151
500.0,57179.40200585871,21.3731215777807,2991.96735071436
1788.0,60595.275326632,62.2207088721916,4534.490221631359
411.0,44904.597643762805,44.206686655525104,4953.77359939866
365.0,35154.4934837148,52.8992132418789,4037.719603747871
356.0,60778.7650241517,43.0130229773931,10021.0492234587
1547.0,25146.5956843458,21.054199264384803,2890.65279259851
1838.0,31568.144324701298,63.8639845149592,5067.4100131801
589.0,48326.3208926655,35.6521986378357,7168.70700152735
383.0,21437.6157545485,45.7314004921354,2563.96087298893
1278.0,63188.3285287768,51.1416294490919,3960.8556473890703
647.0,68694.8431818746,23.0814173929393,12731.894637403
694.0,59253.1214631163,36.9204115439206,7327.28357684415
422.0,53422.2162491642,28.1885305172764,7441.75961676144
1555.0,34113.113284111,30.8335623210296,6360.15489740922
1014.0,32657.2686829604,32.812187960837,1796.27050255779
1545.0,28341.086772270497,39.961768785025896,2248.24291357626
1904.0,21217.7474563941,21.3656869572587,2690.76813397945
1319.0,48822.7209588513,60.9443494593725,599.347887026431
982.0,40749.0281783976,26.854012909811,6207.18616502598
1925.0,55881.5417974256,33.306685289368,8383.07416484486
1950.0,36352.4222909473,43.7188643151894,6239.24752554114
1557.0,39421.366835013,26.4306427794509,6111.961017092231
1189.0,21921.3610794395,62.32723010005429,1901.14392165499
705.0,57575.0097911805,33.8001351165585,9857.229949587008
1689.0,59458.704343996906,56.4301745630801,1513.3276370025303
972.0,20111.3632577471,53.495394564233706,1745.3719220870998
930.0,46608.3690221421,20.4049915121868,1521.8684050771
560.0,53741.37101927769,49.7294325656258,6513.1501245071495
462.0,52862.9471361637,47.33139712037521,9754.15223893674
1475.0,40708.9194096625,32.816768867429296,5532.3438431879
1174.0,26291.3757981732,52.401542617473794,1094.17752939053
1466.0,47704.38082516191,21.8403608766384,2717.0794847261104
182.0,64901.8977349624,44.9388158493675,9589.83352507197
1696.0,68406.8071702495,46.0562726054341,2491.46086135764
450.0,58683.2263204269,24.8449592967518,271.734468486729
1116.0,39988.740736153,54.2687055743299,357.088124203472
167.0,31046.3789664209,29.297398745548,4907.67408446776
1064.0,62252.088163513705,28.2461758642457,1699.68097183874
740.0,40997.7989899926,55.5812039119191,7908.3318430222
1019.0,67064.3447362818,22.583609924186,1091.6248164287802
685.0,55116.23451486231,41.4688852438703,10284.6067864395
1058.0,69929.01099612941,51.39444844517861,12427.8357034718
1303.0,41581.8899217993,22.851220672950102,7895.112865175709
788.0,64247.6149997674,31.6031620721333,4513.20369417302
38.0,32464.091880247,50.2250059167854,4326.70507344396
769.0,28386.2535539083,31.125332410913,1718.9437817568698
1791.0,46666.6380106471,18.7455757549033,7677.82385557827
1272.0,44471.873731818094,19.613058435730604,5883.660557890999
480.0,25289.047223050096,53.3427248103544,3701.53760172254
1095.0,62535.6328487396,39.1940755369142,9490.26419041115
486.0,32256.8615246564,20.0963994744234,2809.32218484219
275.0,57562.89173616099,56.6005673469044,8508.83539912434
1269.0,65849.8896681704,30.9688468878157,5051.30238814197
1935.0,49144.371056463606,51.89382022572679,1633.03577963806
523.0,31908.354307524904,38.2525118570775,1857.46157804557
39.0,60921.0631041788,18.840525757987105,968.836382674606
1633.0,37432.680958882,22.6691616862081,4445.502385401021
297.0,42521.7260071076,47.704288747627295,2661.61251596017
1139.0,43434.7754274495,52.20588011154899,3672.10982821562
1053.0,68743.3531787246,56.3852515849285,2290.20428885451
1761.0,50527.5841732509,26.6529626757838,5639.24568873359
1626.0,51486.1303195357,33.5510297357105,3955.11335056197
1492.0,49140.2698610909,43.6411619479768,8832.65170692964
1870.0,55299.7872396372,62.1931477542967,8052.38128314598
1534.0,47683.715778403,32.3065359489992,4752.28787681676
922.0,44179.3851018883,51.3064918876626,5888.3757812673
9.0,40654.8925372772,55.4968525394797,4755.8252798016
1335.0,56530.4972743616,45.544928309973294,5957.993317069289
897.0,51438.8140686788,46.01234315987679,6898.78371916522
1517.0,65359.29615376519,18.605122473090898,7707.240563210759
1712.0,48933.209693059296,50.065782949794105,5071.3718912882205
1873.0,48430.993668735,18.5080935861915,6069.64909380359
1822.0,41255.9396866709,45.5832650125958,5296.90777315783
272.0,33552.3859760724,25.1596109354869,6054.24412635839
1754.0,62020.468134433,56.6535365092568,114.209888099343
1932.0,29076.3377142139,41.2224626955576,286.264434196967
298.0,51935.1806305349,21.4955053329468,5649.452468489761
423.0,69995.6855783239,52.719673210755,2084.37086090284
1427.0,41243.8051356003,52.075268419925095,4161.57314849677
863.0,44091.3492278196,30.4852303182706,1664.10492654064
1658.0,25347.5726628676,61.6453948724084,2188.50308566908
61.0,37660.770716611296,53.7450604746118,2129.59716481131
1548.0,54739.1645191237,28.0218697916716,7218.968224057919
3.0,57317.1700630337,63.10804949188599,8020.953296386469
160.0,31847.8537187912,41.4163357610814,2913.7699313302696
1971.0,68047.9253106751,47.69451985834171,4023.06476529586
189.0,58364.4649758935,55.59654947882521,5809.8990004485
1515.0,32086.9135367684,28.4107764703222,6362.39035410808
1426.0,62808.5050662048,56.771530738566106,6465.750589588941
1395.0,35243.0632268079,35.6298775435425,748.9407178924
148.0,43891.3559704088,49.1538267019205,5792.906333268111
1394.0,63437.70014820621,54.628140348009794,11963.3642158544
1832.0,29750.294801779102,45.5444554327987,3627.98707739863
708.0,62469.428374897696,24.264855359215304,7286.550390859979
10.0,25075.872770976297,39.7763780555688,1409.23037111453
1937.0,46442.282786592805,28.845958323217896,1484.56154845106
463.0,48383.2761459053,39.7047263034619,2763.26395484522
792.0,33756.5272278152,40.5675955507904,1169.83592466577
375.0,54472.144756000496,59.245984996668994,10836.3830881501
724.0,26316.758494358503,37.217654004693,923.028441324114
1438.0,56003.57340183111,18.2502651894465,3639.90003844081
1373.0,61742.6095809788,34.5598100377247,326.98956762450297
656.0,28577.964513097,21.420160175766803,1639.22563884266
835.0,65137.937762774505,42.1331095667556,10352.181768904
86.0,44930.3941731341,19.7773858457804,7708.31562497011
904.0,69430.936621502,58.9409142830409,2648.22045208716
1975.0,37707.6429477893,31.344047871884,268.29097076779595
1288.0,48192.1856105328,29.7553181806579,5026.47455722886
289.0,66179.3241091073,48.120799149386606,3646.93785979368
778.0,39473.995862063,42.3012538384646,6034.153227563571
1994.0,54421.4101554826,26.8219283991493,3273.63182294932
251.0,21512.7452672459,24.7795283021405,2453.3761214986803
528.0,21158.935285639,54.3039126144722,3562.30829594435
886.0,69465.7469564117,20.5852316911332,7983.705373244459
1495.0,55568.1794579141,42.7569737927988,6114.867545566911
1071.0,39472.7072492242,42.608860772568704,596.481179541814
896.0,36840.6036566012,36.6745834872127,6557.94033087167
281.0,27574.634184129503,57.6437090644613,1017.39615953411
1177.0,28753.325487487004,49.4034802741371,4990.3690908292
879.0,36680.1819228567,22.1462626061402,4849.33378471958
152.0,52743.3085651137,44.0485165128484,2684.70067065167
549.0,57163.8523996808,53.54481968609621,577.530782393529
305.0,51589.2827464268,50.3134648902342,56.9909740698165
1643.0,28198.0973365717,62.43771619396279,4370.79361949515
1568.0,31022.1448470838,39.1758576631546,6144.939435945949
1571.0,31587.0648645796,56.325616270303705,2677.8257134135
860.0,63032.6262721792,24.7884375578724,390.335860866272
1041.0,50222.7624226362,21.4227129220963,8734.74061739229
1280.0,46668.628468178205,57.83494209544729,1833.48584968453
1299.0,27407.056202646298,26.159438316244604,2949.93167350781
566.0,63776.77078591661,43.8106586406939,6697.971583270711
577.0,39045.4971627332,27.4332205634564,1165.49215757251
218.0,65077.322027646,50.979134705849,11061.8118946308
977.0,45214.109220542,18.2999803973362,1779.72773531897
672.0,40376.1635813862,38.92128903651611,3901.93798361853
1829.0,41692.60517694061,62.1212498066016,1708.71250339329
1219.0,35145.100187510296,47.79338271869351,510.739968904777
371.0,57565.1999609545,37.737854486797,5353.56165390711
774.0,55932.3965734802,44.3926223418675,4876.366908841
1442.0,66236.9271554053,35.9191078357399,2756.97230030986
1183.0,33489.0398592688,25.971044015605003,3581.6550468118603
1805.0,40262.597640976295,51.7988581843674,6535.851950033779
1364.0,32866.578239481896,44.88061703089621,6037.007732557621
537.0,51121.6568690725,58.527180749457294,6471.62820239922
276.0,62288.53960521519,25.6021726368926,10657.1061233567
1215.0,26867.1082612127,32.622299618087695,1730.1519065694
1342.0,50167.67174704,42.0474876314402,5592.65180728153
1527.0,46319.4167986512,45.146788359619705,1523.07205829741
526.0,57504.07174229621,55.717134432867205,8107.26764489386
1625.0,40918.5702959076,37.185845421161495,3813.6992679593104
1584.0,29338.256448973,25.6901291194372,5120.40679717739
635.0,41004.2623570189,55.8490920122713,1016.1410075047
953.0,66809.1732473113,31.054548121523105,1316.18712771605
1410.0,63830.7474367321,35.1387838018127,5271.62698185449
232.0,37164.521582890295,47.2954547600821,1445.80218914379
21.0,23000.7840017788,31.761354170739697,1148.11805715996
768.0,67520.759596955,45.4156241421588,13041.7794518553
949.0,56946.64593786,55.4090137514286,11175.8410699241
544.0,55476.6569798812,52.089202798903,4733.50582969986
1016.0,23694.7788670659,22.8642844832502,764.297190003271
418.0,24349.002952221803,53.7525228345767,3890.4710496591
964.0,67687.1830760501,20.8043047981337,10506.3280331645
465.0,44268.8940139487,27.9331710166298,6043.14310633161
1040.0,52981.508597731605,18.306216438300897,3759.93723425993
1539.0,53451.931539457306,49.6576160262339,10529.7234876203
207.0,66356.8567414768,61.5248488285579,10725.4847277828
850.0,43205.6317501701,23.125877250917306,4835.27465661614
1099.0,41435.1537520997,34.9257164876908,3702.1714277833794
166.0,55603.7867954001,43.8394727888517,1411.13008049743
741.0,63661.38332989071,25.5955243813805,6095.308748994189
1560.0,68657.7893025242,35.764108172152206,2427.94988726108
726.0,39033.0327139236,59.6770221912302,5757.89047926275
955.0,20629.3472950347,28.3068615505472,3310.41011772524
345.0,61799.0849586204,56.9579610438086,5619.21760364769
1006.0,30272.2036186606,19.1324464869685,1440.07254888392
201.0,54619.9471969157,52.42442217422651,10780.2718821749
80.0,58074.8401279561,50.07492427434771,7388.02443997422
1325.0,42146.93762362,23.7205218081363,7367.25824696371
790.0,21481.8037860096,19.9594523082487,1137.65789054619
184.0,27793.2667220011,60.5169084747322,382.24890411041497
1716.0,57261.15139434111,40.2325591379777,2527.7559225466603
215.0,39264.4834984094,37.0277528418228,5255.78828313976
1889.0,32400.5449586548,61.6792393168435,3591.7975053486207
1877.0,61679.9531551078,24.1914257979952,3060.03016771304
1644.0,50117.8570371121,32.8272838406265,3599.0688208868105
81.0,57814.1063381918,43.8309230962768,7252.120003970849
581.0,66653.2709309831,19.8870530799031,5180.71186017515
287.0,50730.7333918288,41.9700667927973,1879.05966237435
798.0,38073.4068970196,32.2145080873743,2284.00567663756
452.0,68460.68002516401,35.7756003877148,949.9566246969208
1597.0,21144.1621463746,58.3921971502714,987.7941458290892
1722.0,68114.0709831379,47.19519398175179,4325.09926791081
654.0,54625.506983138606,31.696455666329697,8619.74517744195
1172.0,30037.203133106203,38.6849202262238,1247.01279101851
195.0,31769.247718621,44.774380587507,1148.22143592675
1830.0,23516.727697569902,27.3626951933838,559.905322890733
1471.0,38357.5175236911,25.54630783014,2548.41391592928
1239.0,33184.1959781013,60.3747715908103,4580.097830766021
1102.0,34635.7447491027,18.9473467003554,4859.2352866332
1000.0,62165.8611856401,19.6025430983864,4739.94895405831
1620.0,33159.2172780074,42.343177925795295,2135.5321373166003
1988.0,49640.00470237809,20.542408631648897,5760.858733716
256.0,20358.665024396,53.6151803117245,1064.68691788658
308.0,61878.346551675306,33.006359541323,567.6687734239409
512.0,35919.8073204607,27.3041244307533,1227.10948383375
1917.0,23102.2177892737,35.7616833699867,1779.57452843508
1951.0,66034.75430049,60.7262946041301,3913.782123938161
1446.0,53593.113196548096,62.8858099970967,1428.18921413846
569.0,56110.9399353154,62.8294148314744,9351.00613114576
548.0,20715.535634663,27.5303214336745,369.527739366732
1999.0,43756.0566049069,63.971795841120205,1622.72259832146
585.0,37142.7388908342,50.3030429887585,161.237551122297
1581.0,29775.1422203146,21.0349717177451,3327.23623483166
1669.0,64715.9989736974,60.9394103498198,11173.808451968202
1385.0,23985.075419768706,24.4328114953823,2284.20912920209
126.0,36116.3650918752,22.5358841912821,1494.9845683242902
802.0,60113.3425417356,40.7743055843748,8253.38456880542
174.0,36186.8480732664,50.5067522143945,1130.73526530684
92.0,30673.8375034183,59.3338370760903,383.107569352407
1894.0,49292.3031374812,20.6223270054907,967.134588168133
42.0,58787.455239798895,62.641302851960106,4167.78672391926
730.0,43538.85611519221,46.3294121143408,8523.90111590581
433.0,47846.9459037296,24.4183572856709,3713.26268829211
960.0,51555.7402558625,57.2635917728767,9217.6886691734
1763.0,61632.2827106342,34.4308087760583,3028.59132830438
323.0,63108.7073870003,43.1939415303059,5757.84899502697
1117.0,25026.5056430362,62.9069223371334,3845.74184934565
809.0,27427.7894455008,59.70451917639,719.946664588216
1642.0,57413.572240620895,43.91195050161329,9421.29841256448
1510.0,34102.7912031859,42.0537312338129,1269.25457474922
1594.0,37261.4471171983,23.7183924899437,2075.5198219004
978.0,58465.0496998802,20.1268885387108,11417.0600895208
1066.0,54217.2367847525,26.629377369768896,8836.775689365999
1523.0,36132.3275882751,18.713332561776,3009.39733978784
100.0,43439.98872675,24.1794703230262,6879.30600704276
1906.0,64072.3132225685,61.1583992317319,2426.0086222937603
1307.0,31112.059419974703,49.6160042271949,424.352131596398
472.0,25342.2506782226,40.3611400881782,871.530091132259
1190.0,38852.933018934,27.050294155255,7513.18286435755
643.0,25098.6528280191,51.647062854841394,2611.8480917835
702.0,61419.6728379466,30.651823387481297,9921.67238715704
1292.0,69181.6640598699,39.236582591664,1173.7409424047
1374.0,31396.8660123646,34.9966813726351,3719.23013486841
614.0,49352.274222765096,57.5421556280926,3362.77448557159
625.0,50258.5530211218,22.5428407723084,1086.2461646268598
1801.0,43265.9003231674,44.7433101194911,6194.072050483471
108.0,63391.6159672663,34.7392676644959,190.889274816911
1044.0,46288.7564138509,23.5900381784886,6053.79158149127
149.0,45148.885720409504,60.525006453506606,6455.3917717800905
1056.0,26046.3841655292,54.62546357745301,4669.45735259152
951.0,31473.458784166694,27.993409112561498,797.34597206237
1856.0,24822.069837246097,29.0203788527288,2361.16680223744
1439.0,58038.926245644696,54.0021256082691,538.230522684501
1769.0,64398.146157618605,35.5975403040648,1674.90563293026
1983.0,50738.36219264191,45.9931990671903,9719.56279821605
1412.0,25285.261129029102,19.8195440261625,1027.57779209235
150.0,58481.012161355495,40.8329182346351,5380.56059607515
1559.0,65697.592839133,36.286159678362296,5644.653158554979
1609.0,61344.5322075859,20.1755322436802,7172.65433235279
1588.0,52216.815801803,23.6371360039338,6803.33339273416
511.0,22169.7292220779,36.9707166915759,947.19963838056
439.0,50878.95903736349,44.9651258219965,3257.0126292117498
727.0,32420.818151440497,32.3617921588011,1494.21297427116
652.0,60480.9757950716,53.4286878337152,3216.094541183369
1714.0,53236.9929994456,57.9326121918857,703.602197848316
1455.0,66688.91312321651,48.0852702674456,9690.30879814676
210.0,58906.2516856939,42.0493419757113,9290.575344923873
1268.0,24426.0298716836,34.6964232595637,823.8351619830189
285.0,56326.0866724886,40.4054552190937,4816.77607411979
1046.0,25631.4347311854,47.6355769587681,4778.700542847971
999.0,36192.1494523995,21.402402616106,7236.173930254241
592.0,25296.1542271078,44.3560899454169,1320.46244258164
678.0,42236.4560933784,24.686733096838,4749.06867530672
1436.0,61836.7356178351,29.545486581511803,10971.9746358776
1234.0,68398.2874779031,36.99394877487789,8106.859292919659
732.0,34395.2292157337,25.5482243257575,2089.73250000687
115.0,41302.6741752401,38.6606185785495,1379.91312425834
1020.0,42761.492675636,45.0493739051744,610.65784710333
1899.0,61414.8012641817,56.889189159963294,9743.60925907749
618.0,33338.9439899474,46.59851354220879,2929.85142379499
1503.0,43064.6473472007,43.93942570220679,787.047189746112
722.0,22076.9480033778,56.9954393552616,3948.14334405049
322.0,20145.9885970689,21.282783722970603,839.8390632084551
1497.0,39217.909919098,30.1014204891399,864.624052947255
1686.0,59673.17044734951,57.2866714606062,7533.679838739879
212.0,40141.6035415605,56.151418384630205,845.3663712741251
782.0,27973.826560191803,49.674219635780894,403.40213537013295
943.0,29178.977587726,63.9307346860878,1664.3860619101802
1662.0,44037.2439846396,58.4405072429217,5269.518402890621
136.0,59132.6851560734,48.3449929575436,4575.52763542752
759.0,58810.97172852611,22.1093805856071,9099.72433792209
1501.0,49335.7572634704,43.6283751251176,2549.62047351317
598.0,53784.0495747514,24.3935543466359,2761.8513804366603
1381.0,34192.1605216339,27.9972893036902,5233.66322803221
394.0,65574.0933422931,23.513042524457003,3031.24632606192
1271.0,22680.318430066098,55.0915878899395,1743.7746848123402
1569.0,46583.1995988265,32.704374910332305,6241.27050834808
1903.0,69852.0587221719,62.202313144691296,9246.26505750173
489.0,48685.04201760519,32.5332560278475,9698.582169129
1720.0,36598.3404731378,41.9621296385303,6849.2948103027
1200.0,26267.5294233486,34.4963862220757,59.469163350624704
1641.0,38387.322279159,30.076033597346395,6453.507839377479
284.0,54974.4554958306,61.9842032282613,8922.19971681344
252.0,34796.0035596043,58.4878998775966,443.666538113212
1915.0,68110.2399528027,32.1715747234412,11029.6677096989
1236.0,68412.6098453999,28.1551284473389,551.84308108532
1529.0,31135.6077133678,19.009670652449103,2457.9136896619
1392.0,31060.6062575243,53.2772130607627,3729.9746499427
1379.0,69755.3201625124,44.5436822762713,13171.463290824842
1992.0,26300.4465540871,45.53938521957021,2317.39367782209
310.0,33388.5833434761,62.0016749538481,4551.876888607671
1998.0,44311.44926231349,28.0171668957919,5522.786693255141
1009.0,20491.564325057,35.134836907498496,1579.1682486472598
811.0,41702.6007710956,41.9440537178889,6105.7279291327
882.0,36446.7241382226,40.6168506052345,2927.67544441237
692.0,25244.726699311297,53.37901060422879,1278.99950423557
254.0,25259.4016306102,39.7397662643343,4341.00808194247
1738.0,45045.431649778,58.6236949465238,8489.40598539328
1504.0,41226.1346750893,49.12415229901671,2155.66005854711
902.0,66801.197505556,19.1351382303983,288.64676925315604
1224.0,22832.3239297606,32.516422502230895,3318.4077865437102
580.0,58797.762861941,53.403433673549394,8892.963302602671
1029.0,39970.2112469822,40.368115155026295,7867.616835630941
550.0,33751.205313019505,25.3018771880306,6494.1843356626405
1595.0,58775.4038907588,45.697216598317006,5673.599822075799
1433.0,60912.7989551052,60.6873638918623,3870.33389343645
1871.0,49501.905920915306,50.78811185201629,2226.81958036494
1072.0,30572.446859441698,48.6518424763344,1847.09424972443
1431.0,66558.9343686588,48.5161607107148,3090.99245474831
1541.0,39573.3414380811,29.13702617678789,5785.88427485782
606.0,33583.8910820894,62.1307554603554,1251.8673663810198
1285.0,48058.8713823818,47.7453528800979,6527.99022211544
1779.0,36019.8171972297,42.8456656918861,2987.96212327688
1181.0,30939.3933787942,47.893444801215104,6115.82233293271
992.0,49264.5848938264,58.1195471086539,3051.57426672854
1300.0,64395.298068411605,63.1713196481578,10054.634638852
445.0,55306.9143486209,20.1403118157759,5272.53501398802
1737.0,66370.6935057417,38.40550486650321,5906.0343086742605
971.0,52603.878644295,43.8954665251076,2043.08955289918
1742.0,45139.4863938913,19.617209166754,1743.69146395254
1363.0,23450.872132089,34.4063696628436,1419.80552276132
123.0,22766.7745016515,29.325901472941,1429.4017623047
1401.0,44222.2622036934,55.8614724469371,7443.48670694591
1616.0,21194.6161743253,25.9131900230423,1102.84809429723
513.0,61987.6852654852,27.6310877874494,2618.2430369954
1756.0,62114.856024272696,30.749477461446094,12115.892310922
225.0,32434.7025062889,41.3531710146926,2738.44049607766
1694.0,32771.1254055612,58.932584867347,1853.68197037988
1952.0,51650.2713714726,40.1050568986684,3743.00343686135
1530.0,65603.8167583756,19.0216423212551,11775.3545787462
1632.0,50307.944677770094,51.912932369858,7207.9411733377
1030.0,55176.139604300304,49.45591010246429,7822.936090935409
1047.0,58977.9976452701,30.330982693471,9442.011609849642
337.0,47288.4266683832,62.42846685694529,4004.9888524873695
1798.0,25003.916111309103,53.411577749066105,2183.71342628562
228.0,26090.725876856603,48.07852007215839,4255.62639181993
970.0,23066.964680329,33.0913530015387,1933.35356770978
368.0,48463.2045542821,50.52642975049089,8120.2580899123295
28.0,45727.4598698132,55.83992184512321,6376.82294883561
22.0,32197.6207010448,-6.341289640869821,4244.057136123401
25.0,65301.9840293564,48.84092176985,5465.26788565462
1038.0,36845.7386782393,51.9394795414992,1790.01356619936
764.0,65166.97287326679,25.656281858217,8859.08746877633
645.0,28182.5232948177,25.529610356316,2285.95653758834
677.0,41736.20153917,34.5964918844402,7602.61305507845
968.0,65210.83709551019,27.5284397248179,12607.951664106298
213.0,31659.7282118164,31.9281536792405,858.511387999185
996.0,21593.6226584017,51.5489227836952,458.093724368234
1090.0,28237.5173922628,50.0155520881526,2728.1899444629503
1869.0,58503.7710075267,42.3725129328668,7050.43252621121
1253.0,40929.4839412905,20.254605967551505,2352.28711613826
1083.0,27136.6288000718,18.8336203182116,2253.19025276782
1113.0,23057.3639203794,46.9718112898991,2487.16518212314
311.0,41310.4017777368,53.576940739993,4481.162212528449
1842.0,57745.3588764183,36.7296103164554,5540.4640473639
989.0,39133.8918637484,21.603231470100603,433.458417926463
582.0,48271.4983797632,21.6623410205357,6077.680286835239
444.0,33572.423497680604,57.44221935840321,3369.37702306496
559.0,24391.7562346905,47.0350984968245,2198.1448889683497
1255.0,44743.551632855095,53.0562619292177,2574.70775577185
1279.0,29410.1775204763,23.4981649937108,812.3235343063901
1479.0,68115.9803341143,37.2917711720802,7458.559482000691
994.0,58165.506219957,45.7291535651311,4155.72376708707
1688.0,36219.7729106992,56.83890066668391,4280.79419881294
1784.0,65680.9480208904,62.7794266203418,8838.23130454766
1778.0,33078.995980322405,36.327199691440896,6278.31627900097
1248.0,31722.7309499867,34.851817262359,2877.7561038956
32.0,23526.3025551103,41.3171591130085,2862.0101387461
945.0,66255.02952840179,28.9600249473006,7475.21228234162
1965.0,22800.796774681698,28.198256640695,3740.9009356876704
1201.0,64603.9208793081,33.0618317760527,11264.6911597501
280.0,48436.6646315902,49.0278497678228,5851.4097886154
1785.0,58772.8574802168,46.5050383456983,7048.005343392671
277.0,22767.2642027028,45.1232806812041,1205.78601273801
1106.0,23508.2307294942,52.6403490179218,4622.84106541178
1304.0,53289.0652935021,47.4598436788656,8047.14075406577
1721.0,62096.28261160111,25.0234321518801,8034.74777409028
1317.0,55988.295276183606,31.0870394702069,7745.75480897024
758.0,25921.9125309028,58.4260793160647,5104.74678854711
547.0,53719.6511100046,42.8901015482843,1670.73789259357
637.0,31823.6810551025,30.9835570501164,2290.43034182208
457.0,24114.012257196,52.3358155498281,3900.82960084791
1678.0,49230.0982051529,47.8461147677153,8375.729867077429
348.0,44897.4883696064,51.3580610542558,5732.39903226614
1398.0,45540.325522888495,59.318140267860095,1490.47025130926
796.0,26542.9310896434,45.8294265209697,4233.08958563064
1732.0,28700.872585177403,28.797041818499604,5090.31049085575
735.0,27952.945982106,42.0974981090985,3965.25197444964
624.0,24078.0724957585,38.491628350224296,3276.13994797231
1220.0,44405.28066363191,34.3825240558945,3917.8760982038793
699.0,42242.489119526,34.2207668605261,2070.3793805860896
1905.0,48031.06741048401,43.6701637604274,7826.32590939549
1866.0,27045.3995722346,50.2212005364709,2503.7883995275
1934.0,47881.9559956901,38.09981235023589,5575.63564838086
455.0,54140.429133549296,30.888892731163697,7896.22376609728
1847.0,40719.4903166965,22.926914404612003,6415.0862444378
410.0,46104.5989114791,51.0563588943332,2342.47292088101
238.0,60521.3641002774,45.424993005115496,8035.88317278016
75.0,40526.9027850591,28.6063759573735,2119.98491147902
1610.0,54738.6822919361,26.7719294563867,6210.728279474511
1334.0,51211.6540386342,45.6285682567395,4093.360006036261
57.0,22248.1792024337,23.4436241723597,4364.9752805952
1959.0,48263.00342567269,28.5496045635082,7798.793462982109
44.0,24381.9534475915,25.252330708783106,4227.0189863608
1322.0,36970.3604420647,33.7045991150662,1268.50638260119
721.0,37616.7108584195,53.4446602477692,5732.2401076494
121.0,37369.3820601329,35.341948841698496,3783.6011509907503
1795.0,39019.357743673,31.792708855588003,3196.5597688723497
1254.0,31092.2677209601,43.8322064899839,5617.993125845799
1362.0,24061.463160906,34.511520112399,3980.57878313095
517.0,66003.95999150349,33.0735146761872,11207.4952297971
1405.0,28423.1314714998,61.671458660159296,5282.8491817832
364.0,40872.6397715509,54.948061559815,5312.49170624282
357.0,30948.0415470898,42.7513535995968,3995.80729495872
659.0,47526.234125252806,57.21959191840139,8957.33054393952
765.0,58820.3820562921,30.7523156455718,530.657824121697
36.0,26289.9723066948,20.666778734419506,341.146965986397
1084.0,62724.6361155994,39.8353766053915,9255.13775534296
1613.0,61922.7746431716,24.8086569984443,1933.08292037314
632.0,50740.9510249272,21.721358859445896,784.5773121318381
893.0,49664.2707195133,39.94416068634021,5571.456364476229
1701.0,24575.0598888844,36.6900290553458,1667.7487671760098
1598.0,33126.1327187531,50.963954247534296,4169.992872455129
639.0,63531.2459943816,19.3291078913026,6917.50843520967
1926.0,45917.6006889902,45.157120659481706,8253.273858040659
1011.0,50206.1337162741,33.0311115211807,5826.46289826698
1154.0,32032.5567433611,50.1174370483495,4582.93827444975
698.0,52299.2180823348,18.3097456344403,7880.68580712225
1811.0,56630.39526436481,57.9731614631601,8442.89137257217
636.0,63585.36459039901,49.3399269720539,1594.9726819505
958.0,41430.8552560396,33.6895613595843,5719.2781159757205
937.0,51088.2107820362,52.0858715916984,9097.112036065171
824.0,34222.1877467819,52.246678448747794,3582.151363963449
749.0,69411.7925292812,47.0737268491648,12176.782438093798
437.0,47533.92094746231,39.955194065813,6637.770870559039
343.0,62113.7295663357,27.8844150044024,11928.5098562393
1164.0,30961.1661406234,32.1142866155133,162.79559613813998
88.0,27612.9148015752,19.2124481862411,1513.62419967009
263.0,34414.2403383739,54.53017240064221,617.538752197269
1699.0,41674.2431395687,54.6583339176141,3203.20465616956
527.0,44619.1114885733,59.8524872446433,2474.97715917028
430.0,41602.4339781143,25.2598693897016,7005.0792919714
923.0,56025.419726502194,29.3964444613084,4341.62669876515
799.0,43937.219043728,56.4096822156571,3213.5419628300897
1353.0,44964.0105990693,48.414803271181896,693.2147137703861
342.0,36366.9904111885,47.191410086117706,371.040895011703
1171.0,45735.4556932114,52.8210372370668,2944.5373541645
1987.0,67994.9884698726,38.6222593844868,7289.014109090091
634.0,38500.000645872205,53.9306910806336,7571.68231798672
1857.0,25252.4877362885,23.788303747307506,434.86745161344703
162.0,62246.7272495851,31.081884507089896,406.720769305791
1944.0,59792.5085853785,24.187499135267,660.241452576494
861.0,27287.0745440014,18.695798727683695,4509.88142162832
1792.0,32203.56693957,61.1675705555826,838.0214411221621
1017.0,44324.28636820991,23.1808664123528,2672.69202602406
1916.0,48015.5547428876,28.241796202492,54.0082423765092
1552.0,64675.77948234981,30.5151092219166,4628.60300266554
1599.0,30931.5060195513,35.8824849808589,1074.78790405487
292.0,67879.2480193079,43.5972086614929,10433.4743453989
567.0,52278.76500459389,45.9289716216736,4269.13603478981
234.0,34615.542173851296,25.5143896490335,6476.760852061379
309.0,60153.3369673416,20.3008601283655,6472.34700724504
51.0,35975.7949295454,35.7086517671123,6610.36617887751
557.0,26100.8512624539,62.319164680317,960.137251358102
987.0,61013.1815820932,24.707618969492604,1791.54296221375
351.0,68744.788649492,60.7300558583811,5207.88311679924
920.0,28085.479598958,45.0321259801276,4431.280471397489
171.0,31422.7473852225,53.898080206010505,1686.83590183974
47.0,41896.9715991989,47.25073103467,4892.209733649001
1976.0,57753.5689622164,54.2359153465368,5067.44996385047
1114.0,42380.9950635768,35.716812186408795,6832.6848165415895
379.0,49633.327468764,38.98900888860229,7915.31344330937
1535.0,38160.1164978929,31.3281223042868,3429.9015786975897
58.0,29724.4768752716,31.9685264034197,3075.34572793243
1704.0,50115.05489703269,26.7789781559259,3447.00215249966
1993.0,30803.8061647676,23.250084119383203,623.024152762279
1416.0,65017.5934936851,26.917833163868604,1017.16654456031
468.0,23743.1607721373,42.73457771632821,3254.74895032068
12.0,59436.8471228518,60.4719358547591,9254.24453803174
1473.0,41101.5429464169,35.654033693019294,5240.1143734774205
1243.0,61800.0343837775,29.6657959511504,9143.611708737571
1881.0,48763.6805442162,28.0602953033522,8172.05250385158
1954.0,58780.233496800094,18.701733683235897,5029.70763593419
1670.0,25481.9879122078,48.36229289136829,4005.81614803106
1576.0,54195.0151720084,39.30174824083221,6649.801458944879
673.0,56534.966842737005,27.8079414837994,2161.08375159161
1294.0,52593.5150613077,19.534981993027,811.907862473912
1608.0,42108.1999246962,26.991351277101803,1020.97816418314
1142.0,60567.4244393595,40.0412224857137,571.9329349300431
1331.0,25289.6072389558,21.2805633465759,2130.79353472588
1744.0,45215.0146872737,27.838848117739,383.8501673264991
190.0,56945.8104134537,45.5540205067955,6388.369826233511
899.0,56738.63732256,63.3739421730861,3210.80704797276
1518.0,49064.2884676345,43.372344576288,5636.353440223261
1484.0,60040.9938418306,44.1414116015658,2659.69454058204
1230.0,35485.1182713173,47.3888703114353,2482.0422504401604
1306.0,57119.7396889329,22.3344876104966,10211.7219327373
187.0,37593.7578664161,54.0104153105058,7274.32562822359
147.0,33551.1243715882,58.8569274861366,4333.360862430611
615.0,21087.3555438593,49.31063445238401,3353.6935708995097
1028.0,50632.2792428546,53.6232994752936,1262.35606612176
359.0,43321.6811204329,32.2862543463707,743.86714101317
627.0,36892.7162187174,54.44842475513,6463.64775060681
1607.0,42749.9903179705,56.4190945834853,4626.53863737325
1872.0,61765.7090350986,59.9558734656312,3649.6431030705103
1657.0,61812.90135020389,52.961987729650005,3124.31240923735
353.0,58828.2921165228,32.4029204347171,5947.64546828592
1797.0,43052.968562115,31.5268535530195,488.93727346723296
1389.0,49294.65931374581,37.2548939283006,4574.85478041434
626.0,41816.6568316519,48.9172136238776,4534.57597308744
1512.0,41049.9745910056,49.840941323898704,5890.11364359475
913.0,36124.7178330086,25.0547269559465,6485.05748033896
1408.0,60842.9411589168,60.2551426086575,6608.96879522724
397.0,23305.7714928873,28.2175287632272,4521.00431151248
1061.0,38042.0841556042,32.8389940196648,3495.85630614459
1883.0,61693.5863089748,25.684226048179003,1568.8636891672
658.0,43414.4878922962,44.453362821601296,7170.946724121321
508.0,50275.8999634534,41.8198233190924,5541.821255211639
843.0,60005.0101336092,40.1948889852501,10677.6680182666
514.0,30044.6835160255,49.7740637762472,1428.43962505335
1551.0,29993.5633013956,49.0557731799781,2749.5856968328803
948.0,64983.1542442553,27.291971609462102,9109.774341958058
1152.0,34927.9936100356,54.1529471762478,1957.0579294027696
208.0,56676.15799931809,46.6789695257321,2278.55434854177
393.0,24217.2287590802,23.5107674831524,2104.38432287864
1826.0,41250.828541815295,39.0781830362976,7651.577271506509
60.0,56577.7228609659,36.847800681833206,5947.42172129888
1898.0,21771.129341796,33.6877787308767,350.44554839511903
670.0,23298.466745764,48.6514598648064,1741.1839190889002
1287.0,62526.88792767,61.0521709173918,5835.54239114684
1360.0,22001.3174507767,31.6172848115675,2155.8121729811
431.0,27533.0013292842,46.7659284593537,1551.4202880312
145.0,28982.0581488311,39.048409874551,2898.7618238762298
1472.0,43156.3052744605,27.8468346674927,2413.01190680546
1434.0,28127.5094533339,41.48682721192021,3279.55782415037
684.0,57746.5815865435,63.6253054803237,727.194664952067
1496.0,45898.5135238618,24.6631496008486,5617.178645345511
542.0,65322.8010679595,41.45419508824121,2739.71998955614
170.0,24830.181971192404,28.9702452290803,2046.6850503447895
1143.0,22048.8950423896,53.798252495005705,4199.0243561842
1554.0,31702.3342987522,28.4226720966399,3587.7223890690298
914.0,57330.619408749,44.44565129932021,1058.0392021630498
67.0,37521.0171728395,60.541077433619606,8.01207624713557
492.0,55377.7730255388,46.9182215244509,6882.87341589713
1042.0,59256.55595958231,38.5789446192794,9812.97871741119
1986.0,22371.522190515,39.142225323710605,2291.85642755991
572.0,30786.8719263934,47.068105542101,3563.31978870471
1262.0,67471.1271002889,26.9233536557294,4448.41232274551
1354.0,46081.6455469467,50.0691045392305,1487.7860414097595
518.0,56960.67384444179,25.5179991396144,4856.48345389872
1973.0,52389.366847928606,54.9693128112704,10398.8205918487
1946.0,29102.221718058,27.1292334017344,1890.4474777119
258.0,54418.470994569405,55.2220663037151,5630.7412209842605
449.0,30885.6922015548,55.1507588205859,5216.354091171161
1222.0,28612.203062512,58.8616898772307,4948.488069855121
1783.0,37162.8882177174,28.8766067125835,3110.53114737451
1886.0,51286.6564025171,45.859827140346205,1134.23438387685
1021.0,49517.7223277278,31.5493175000884,7337.95043106519
1217.0,31044.3917568773,49.93586833216251,4465.872768882849
827.0,33093.9618567936,33.403173910453894,3852.9924436463502
1685.0,21451.4972921461,52.1840196205303,1719.03804390983
151.0,69579.9292111769,57.756243164651096,10868.2414720072
1671.0,54170.5326107331,37.441050716210206,1048.93237153118
1844.0,51768.0053412914,30.544511467684103,6632.036202597321
268.0,41174.8081259429,52.339376373216496,2888.44470996322
1265.0,55040.75816599651,52.7144841141999,8352.061533316
487.0,68052.8069194406,28.758801679126897,1415.71826260479
1001.0,50793.355719652005,41.6018864475191,421.640379591623
944.0,67501.69224571441,49.6374590154737,7589.759990371129
556.0,47586.2277136184,42.2750075273216,3343.05627581805
1874.0,66366.9574237429,41.5761699704453,465.011565756224
718.0,34336.0175890848,35.8306517112069,3441.64452422469
536.0,62691.7013712227,25.0643792431802,8244.74889955889
443.0,35496.6654954478,47.0027460702695,168.054785283069
1428.0,46089.1478857957,63.2965331692249,1618.21835749227
1382.0,57457.857944537005,50.7146625304595,3608.80520160367
1010.0,35620.4186263494,40.8246740507893,3611.29590336632
217.0,30515.372117515697,20.1618777224794,415.240434973958
1614.0,58023.7237666734,42.7518386649899,2785.7795625491303
362.0,66091.9059114531,24.2041407017969,8743.509701223791
568.0,56015.8132156357,32.5093102375977,2275.76342522213
1089.0,64501.93042866889,33.3579469015822,12147.3142194935
1085.0,32921.8485788442,43.7330526653677,2553.21277794851
1653.0,23881.7865075544,32.893709717318394,1190.63010538961
1659.0,33965.5237086117,43.912746462971,3123.89873794984
262.0,50514.4696263596,57.3796501425095,2003.65357036953
1768.0,51903.5342545249,59.7626620447263,8807.867970998092
890.0,29468.859178014103,22.7896366892383,3703.95304740702
43.0,62545.7087112591,49.0404332359321,4362.90581198044
901.0,44458.6372864433,52.08290527062489,1456.23494449525
424.0,48270.796244032696,45.3058510269038,6232.28039861045
883.0,33648.7389914691,60.970944559201605,1498.1612553260998
367.0,40447.67296174541,22.492923848331,1072.1926587434698
864.0,26617.0303151011,28.616509240120603,2727.24168062816
329.0,36242.447961121805,39.415470788721,5688.994849119101
1402.0,67839.2444550991,47.7825802192092,5609.326602439561
1474.0,59475.4971843213,36.7371304794215,2628.2621240183803
1502.0,51774.0525119007,47.7818413753994,1508.76177567629
1461.0,46893.336710054406,43.6860980782658,9131.86441883589
1002.0,62422.2037894651,32.1452214065939,2841.63342276648
1289.0,30884.0567292646,31.2778618824668,4099.90204534619
619.0,29668.320720084,38.6837404002436,2042.43646281071
419.0,34332.3152558878,36.5013708979823,1225.72022331307
396.0,67369.3321226165,57.6342398361303,2299.4181716088
1623.0,54609.46518462151,18.413736339658502,5618.20456988315
1493.0,39684.9817992188,33.628850525710696,2590.92817525105
593.0,50414.3203189597,56.1940032062121,2468.17199888535
90.0,33036.6831202991,25.063367417547894,958.979822122802
1823.0,61129.7231563367,35.1091779656708,11302.7676868696
77.0,40775.8115953766,60.28875682642679,1922.61002232725
703.0,51282.5052416883,26.5513867693953,8445.38534278682
1409.0,36727.7459986508,58.1846541729756,7287.540764449741
1043.0,43203.414224553904,40.901724176947,7730.72757527023
1256.0,60770.22902201861,33.6267267125659,2242.8257603424104
1854.0,38561.9440395385,45.8798310379498,4831.11117052535
1160.0,50021.65540819991,23.816679108887897,1054.26808471871
1592.0,43489.8284543306,51.73379038367421,6501.041225662329
274.0,21605.7250904851,23.2381696002558,2828.30861825601
591.0,60496.907918714,33.945671624504,1115.15458691793
505.0,35578.2341142185,42.3945969995111,3640.84888556012
674.0,36088.938608299904,41.7177590057254,6222.41527252187
249.0,30950.295405928,26.310194327030302,5043.14863656084
1444.0,63453.223130200095,23.915705407038303,10668.3635123802
926.0,30873.217636253703,38.9527395456098,4076.8767501185
1451.0,39188.9452864416,22.3991097807884,3545.1622485755497
1735.0,57341.4327739738,23.47849796433,784.894856825166
594.0,67984.0403771959,27.465280933305603,1642.96947053086
26.0,47451.6301229596,27.031741308979697,5361.28271628474
595.0,50382.3997732252,57.0969364880584,9183.84229457753
867.0,35950.4884504713,35.4718469656073,2664.92567484772
19.0,20542.365072760706,61.6905707078986,3157.442289970661
1065.0,36973.0856898241,38.2803032551892,4144.44814361402
669.0,28598.8326463848,52.5336985392496,524.201092096584
1391.0,68583.0410500057,57.08784007141371,2922.2886852381
869.0,51790.726445615306,41.1508777858689,1281.0357291798
1839.0,39934.0674909763,31.6079666293226,184.744302350952
770.0,68276.0307611898,34.5148812653497,4842.077960288339
146.0,36221.2660070509,26.101500419899804,5094.6700842702
838.0,24994.7781953961,34.7233597366139,51.640260239487
245.0,27514.4279631786,21.8976978017017,3400.91074388565
787.0,34247.1590195782,34.7009895360097,6458.79058513878
1755.0,37965.8493376337,27.828579597175104,299.054705855901
318.0,55858.5492358543,25.8665337795392,5630.44497235335
1283.0,59589.0642888844,20.6097641224042,4191.7158557146
1348.0,66078.76935042441,45.5363250342198,3664.6214515027514
490.0,38288.0710810423,28.7354316161945,1723.3993728988098
1684.0,29856.4863204956,18.055874488782106,4731.81686363074
76.0,50827.9805234633,51.0129371876828,1765.98333716344
237.0,34862.8212860785,54.964873311575495,6040.77206183173
859.0,65496.7674799263,61.9599347501062,11805.55576878
1892.0,42994.6822393686,36.425610730890206,4453.824616990561
1567.0,66941.86486303809,22.540735562797604,12380.624706792
1540.0,36455.4847055115,35.260340718086795,2464.16232121798
361.0,58597.3832453601,53.28803373547271,2588.49026590007
633.0,53096.9913979061,36.350075381808,2663.05260942853
1338.0,35527.8344871476,47.4495290615596,325.119591532296
1018.0,34735.4917484336,62.3589558079839,1402.21785398327
794.0,33197.807804681404,59.486848228611095,3993.146866004861
1407.0,25636.3335694186,55.7820571959019,1239.6882584746902
671.0,35697.5541380234,51.38821886247021,2907.95827229594
976.0,53746.3265750557,29.350288588088,9534.660206225592
82.0,45190.72918221349,53.839520003646605,7893.55988850644
808.0,67125.64924266191,36.0585051872768,7482.06736878698
432.0,30594.1765592434,50.043820101302096,118.342142143385
1933.0,60536.9128682651,32.3261754103005,3132.55183069445
751.0,40836.588810198,22.1682629082352,6994.48780081424
140.0,27089.124317280897,21.2076896023937,5029.48878154619
163.0,40154.6885655262,60.5296831950545,6013.15287400369
1922.0,24454.1906216182,52.390862160828,864.9687379108341
260.0,28199.601632077203,36.6687041711994,3871.688901934071
1627.0,44896.2564859539,48.61068103089929,3787.63914107534
1485.0,26181.242410093502,42.6630315240473,2618.9734974882103
1486.0,61552.2175142542,61.0876121469773,4042.53973374386
99.0,53601.81243624541,20.240621272008894,9601.3754821711
1080.0,39494.766916614,28.5471422006376,3544.1560393991604
1435.0,64029.5434789732,36.157751087565,1644.33917692447
687.0,45200.992799364,43.905429022852296,7335.96256840597
1033.0,31187.6699258573,30.999616120476304,593.1247798263599
1727.0,60974.5871438645,33.8957485635765,6165.65881962793
378.0,46328.171917703,56.84083063574511,7879.67620843062
1723.0,67978.4668539651,23.456651375163304,7382.502551328309
1216.0,32348.450149875094,59.7523865732364,3229.82006262472
776.0,53825.5367358215,49.7139043789357,5272.80479170349
1337.0,66642.0077485964,56.167668717913294,4958.0677755079405
878.0,25554.698524065298,42.7969214715995,4229.914353055779
27.0,63287.038907874405,-6.341289640869821,9595.28628892989
743.0,29181.8614280783,48.2406478086486,2529.6129690448497
1818.0,33614.4946096465,46.473081822041394,4837.78751067317
1121.0,66068.6350357719,35.918783873319605,5626.86933989185
4.0,42709.534200839706,45.7519723521546,6103.642260140699
695.0,48540.3415444307,21.2391576226801,1012.93499290592
1052.0,65447.6116108708,39.6313519426621,3269.5343268133897
1668.0,65913.8320060447,22.7890518046916,12972.4183627744
1273.0,46572.320004925095,59.1216496378183,721.3416051022009
1310.0,20583.6121737957,21.9897674438544,53.1862073427052
493.0,54231.7027854733,21.274210639298,10156.1423121761
1144.0,66733.7102512829,52.9778436059132,5366.64079316339
31.0,48528.8527957164,41.3171591130085,6155.78467025544
1186.0,41273.771498818,32.0903953830712,3299.88507211045
358.0,60122.011571656905,62.9096049447544,7189.3507350953405
1590.0,49205.6370992213,24.6220297645777,3393.85658908614
858.0,62988.8264276087,32.4746129391715,6924.90156914655
1930.0,27514.0884728171,36.2786843804643,192.144610510401
316.0,20532.8237311915,54.6232338510454,1897.78082087204
1161.0,64089.1319070943,37.31044758204371,6272.78844958014
793.0,54325.80727385361,29.636369307525506,6978.52505744359
1757.0,36871.0617581382,46.0343616371974,792.71105443821
532.0,62321.242473553895,45.8902827994898,10649.0720502131
737.0,63546.1647575721,44.41273214202371,6170.23911645177
800.0,49284.819413442194,51.9397291215137,493.589997017378
1314.0,45818.2832505554,48.450839356519296,8137.1644030735
1094.0,57676.739180460594,20.6656169872731,10504.6681673838
224.0,65705.0108234398,50.9284318452701,1969.7941341928895
494.0,53283.25870679691,49.004692913033104,4065.2187953051503
1602.0,21032.8186908737,30.0824641142972,4024.0893667788896
1655.0,32441.6520120576,58.7095565763302,840.714206590161
227.0,62498.5072459094,31.9096907987259,3312.8776215380394
1489.0,23007.3878820986,48.972523716744,2296.79532725441
856.0,40831.801916938304,47.1495458045974,6429.59368808933
733.0,57405.5149266496,45.6444349931553,6914.75153975136
1566.0,44984.89911668,51.7472122898325,4584.611815906
79.0,38789.0293891542,61.22928542876621,7650.65520988095
1311.0,58988.305802922696,19.9765913961455,4728.25954236021
1531.0,41362.5083677471,44.3638080758974,607.9656119507911
997.0,49104.7682403587,35.538517334964105,9452.2179473418
1202.0,34667.0204005204,18.8531892849132,2827.28940194175
130.0,39441.4447643794,46.7538959244266,1034.75883833309
1370.0,65435.0353800692,19.8465041620657,12727.9975513072
317.0,33297.2140214406,46.5799600426108,3674.741340143471
1454.0,28630.0095077604,27.291530027519897,4406.99505612761
1764.0,45930.4526494816,49.9913307242095,7765.25282732809
1585.0,67289.5856830291,26.7274004640058,13171.463290824842
1612.0,62507.3547754437,27.9570272588171,6590.777229734051
712.0,29163.015882950294,43.956171318423,1469.12970417187
191.0,27204.8485511914,29.0720967198722,3827.8939146126
631.0,52986.00454581901,50.4237628807314,4928.60703383372
1665.0,26922.462221700694,44.1555712055415,3950.0007899560496
812.0,20710.7759593055,49.5572698125616,3960.71087317317
1313.0,60856.830985285305,37.070500629954,10238.4962972866
1726.0,34428.9726391435,27.3684103004634,6016.61509078929
875.0,66274.2081028409,36.3746234392747,10257.9183922935
1957.0,55704.7981582582,48.5166189149022,5594.332971007149
78.0,55467.15141274031,56.851330957375495,9226.90204089804
1621.0,66087.0884708129,51.1457220236771,11039.2887187921
104.0,57296.1608227342,25.7084823274054,10601.0827828556
990.0,62171.8025580049,24.2437830967829,1035.46249645863
138.0,26037.4636435881,24.7831077934243,3293.25087871026
832.0,32152.4597401731,57.48695513280111,3550.58488878171
1692.0,43041.0413932987,46.99845732748511,2245.50527811304
1244.0,45360.716274008206,27.075747632421603,4569.99498661641
1913.0,21424.0913325921,36.9184383805841,1795.2239577898397
967.0,34981.3678348437,23.4877088945359,5502.73603087282
407.0,27619.6614070795,47.5405059303157,2774.83278110032
713.0,47786.14106355231,29.7081892956048,7181.47855257926
644.0,33720.5892242491,47.2466262932867,1365.95220859435
1057.0,60850.8024411276,59.9902563230135,7206.852592751371
1593.0,40966.6745271534,46.7550721517764,2393.52414875071
1302.0,42990.9828281961,29.5288083860651,4665.58102065705
957.0,28873.674168717094,62.3285863017663,2224.46976521287
109.0,21534.5512190834,44.3150380225852,228.33538696889
795.0,56846.4742321521,30.2809275542386,5268.22747487761
438.0,62519.184178672695,44.409974959213294,2324.5477054729
168.0,44708.09987280519,21.1087735658512,2390.8505965863
1096.0,60686.7685727775,48.3993084896356,10614.130949683
188.0,35032.6495990157,56.72462562192229,135.931684494729
1483.0,26931.0682476498,41.2806041608565,3668.6467729337
1008.0,30742.5797148608,26.4493368398398,5685.65364147975
1697.0,37277.1230572835,28.354908418376,4242.64064753559
825.0,28481.265604496,47.4213283620775,5302.17994342883
1814.0,57717.606790829406,48.7978129191324,3153.22282858557
1909.0,35020.4887730069,24.9919104841538,6832.803041888821
1808.0,57359.55243464559,34.795262857340305,10011.410682346
413.0,43509.7577562556,18.075335860718,7363.03763852006
1868.0,34722.9648311622,22.223386954050497,4073.41190141951
1131.0,52651.25686302781,57.3202461791225,6529.019522377729
1192.0,41377.745596692,45.8616615743376,5324.04818485217
336.0,61742.2399506904,44.8726078076288,8068.319703512409
742.0,34429.1467382573,39.7149895974435,2240.2774038697
1358.0,59514.012378640495,57.0178458099253,2504.7226488012
1293.0,64233.0406978726,26.7145613217726,12104.5342079885
716.0,62030.0459954888,46.5357845406979,7572.567589234591
1091.0,67420.59544660151,21.1852940614335,3668.9947836488
124.0,21603.3057007007,21.375033318065103,178.333870986952
1867.0,58216.0719833337,27.4044806477614,9581.83330584003
382.0,27646.780053619303,56.311668782029294,3132.14869181144
1836.0,35276.5879873186,28.5721331895329,6820.315403719871
1213.0,68291.1536470056,46.79353807307779,9577.95514323174
1232.0,43308.1789803691,34.8313612546772,6777.1982462325295
1533.0,54468.27920852231,23.8768151258118,68.6254562680885
417.0,64272.6999986917,37.7780147739686,4929.87881849349
1159.0,47474.819601047806,37.8746449518949,5083.72827173068
900.0,68004.6862154268,41.5310972742736,2698.04778142586
1717.0,52102.5909041055,19.372464833315497,8799.819841916751
1210.0,41349.1225149482,53.856206981465206,8083.23220068418
1118.0,43588.0814259872,40.495646783150704,6453.05797893021
1068.0,33274.0502711385,23.9534352584742,2244.8831092986
1266.0,34476.7063786276,23.3509872639552,898.133906760723
302.0,43677.6292207651,32.553030352108195,6739.8585984927895
1465.0,33198.1282844208,30.142012033611497,4285.38691174949
1088.0,60664.3716036342,22.364457368850697,5873.410979425699
646.0,27334.5697135665,42.6711944923736,2963.7944322157
1984.0,64466.7601375841,33.3271440174431,8537.36966588191
772.0,30012.251092121,54.940118664875605,3972.151405211429
344.0,62279.5195016079,26.6664690533653,6801.4058925032805
1073.0,50447.699630167306,58.0985400285572,2443.76891476886
13.0,61050.3460792825,26.3550438545644,5893.26465933928
1377.0,60624.8153652996,39.8577877297066,6740.71613617934
1237.0,59695.1071452349,27.9032980892807,8889.92840808923
853.0,31527.3472038098,59.0226465594023,2062.7191576926803
1261.0,60348.413563333495,60.4467903710902,3037.9681472571
270.0,28145.302999764703,55.547629611100994,4805.97154908401
499.0,49114.787932485306,61.481522549875095,6388.85036020661
120.0,27954.7077650204,29.9045216715895,1627.0414050731
783.0,21306.0331228189,35.0941635370255,3791.02352838761
1544.0,44827.23377179349,56.2984954169951,2639.91684550513
767.0,46766.595919616506,47.7751709497534,2383.40775653766
1145.0,22209.0095095336,22.0062600099482,4096.783714405129
1393.0,29190.324624069,60.2912226915359,5239.59477294428
1443.0,41978.7125010043,52.530102157965295,1603.92486156568
1447.0,54179.721865803,52.905079930555104,10028.0158575977
781.0,32720.5047989264,33.804503521882,4367.26495019919
1.0,66155.9250950813,59.0170150669292,8106.53213128514
885.0,61298.218665178894,48.285030242521294,9399.50460218589
204.0,43159.0849696659,62.44209669111301,4350.01989674202
1747.0,38129.754869733,19.084409590344897,3964.7292778686
1762.0,60776.110207662,34.2069418113679,10382.439679089
6.0,24904.0641402826,57.4716071025468,15.498598437827198
219.0,60871.86900433151,61.260144198779,4844.1722236387
1437.0,37005.0718472339,58.890320238191606,1068.8873978829902
562.0,53033.864130266,38.457559687551104,10427.4705030759
1918.0,46134.8541360348,54.8654459267855,8716.61125941204
871.0,29761.046012863502,21.8542913463898,3748.25812413245
1733.0,27193.743053358,21.4095960748382,4518.85835090904
205.0,29445.510501973306,28.4456774769351,1758.88186466259
857.0,30868.8048203476,58.1365677523427,4618.39218432669
1182.0,38520.7239701413,56.67372097028421,4176.9499552691605
1166.0,67470.11702274901,52.2326373639517,12715.2947207366
786.0,46038.510655053,39.0386727838777,6868.98780501089
711.0,55883.6228610016,27.3703380203806,974.563067419013
837.0,45181.9337136112,48.09680230356749,2243.15399221322
710.0,47542.8027031012,40.8733375482261,9448.20972109913
1419.0,60864.3217524514,44.1412975378335,3704.032126276261
1487.0,29705.074725206898,41.834137139376296,1912.20509104439
1352.0,54588.5011949576,31.077654027845696,2847.8191727088
1022.0,54372.1826560795,29.9771178071387,839.1250811884869
1158.0,68550.6878583692,19.3611887819134,3879.6726518436094
1774.0,44979.8021861352,32.5319016040303,6045.0894869837
1133.0,39246.544886846095,48.3220556084998,919.114640024036
985.0,46883.2065397874,30.3998898901045,6342.56790924236
400.0,24037.1651411988,23.3115743244998,2469.36442601101
1924.0,43421.0457419977,27.217440214008104,4705.75708282464
1967.0,21982.0173736662,34.915516287554105,4265.17370408717
947.0,63441.7123557068,18.6712893769145,3119.4126781587297
63.0,31652.6937345043,62.0238024718128,5151.07044539045
706.0,53330.7671360672,42.3772462992929,2343.49755586202
54.0,51656.938674859695,47.7150637004524,7158.13906028943
1375.0,35916.7041536421,53.5404433552176,6401.18948620131
842.0,40366.2032377906,32.072008041665,7410.792024329541
158.0,62905.79302469269,27.9096519639716,11423.936295348798
1290.0,36965.7424790785,53.762358619831495,6333.39158836421
1587.0,34163.6256477796,45.78271791525189,6617.40017195646
236.0,56267.1716371551,22.4861360387877,7329.243163822591
401.0,51625.3132303245,44.808841190300896,4592.245550450871
877.0,46283.0674648285,48.2885851110332,2166.1230995161
72.0,38564.932129811496,21.2164916703478,5604.16999048292
1005.0,66797.6646730676,21.3804285540245,11921.1995369591
590.0,55441.35879492389,48.058599114418,10768.7478385081
1477.0,46024.1445619613,24.174516219180106,4318.37772179352
1420.0,51231.01042583581,62.5851672696881,813.0279886810209
1974.0,23678.3761112019,47.466485101264,1779.8145966117602
661.0,32195.5925249495,62.2016585152596,4980.01358501464
306.0,50480.952688958496,27.080390626099,8831.18436544789
1013.0,59223.3966034837,22.939635145478,3901.40208532883
1771.0,36727.5508982129,24.597318194340897,794.5568182373869
1494.0,32025.4044537432,37.5065867779776,217.48852796721
264.0,37633.0874324776,29.421412573196,868.1624732744141
616.0,23812.252683565,42.765559321735104,2716.6558194475
1100.0,43955.4094034247,51.5582860666327,7833.47776141374
283.0,37683.2004915923,55.5872108615004,7414.5528532260305
731.0,64040.484179277,59.1448074136861,5408.72776719187
408.0,65330.1928355359,28.5899873124436,4030.80369209214
1893.0,68339.807940647,23.3653235542588,2505.86839812077
1972.0,36275.7358630188,30.3081837417558,644.384194795452
1902.0,49048.7573598512,52.05179370753471,6363.11366818686
1803.0,55408.705950249,43.3228068151511,10300.28124769
891.0,56839.40189657731,36.5523909307085,9004.80171434867
942.0,35513.5895474814,60.8070176681504,6983.36074103902
1958.0,50458.9582025073,52.314565026667005,9852.889427216229
980.0,62842.0643904246,62.19707881892101,107.597231536379
941.0,59727.4059941992,50.24148795474321,5203.32518145625
738.0,60713.4303008206,56.0316035267897,396.233677598603
1758.0,65030.909345950895,36.70069066202271,2231.97616645921
1997.0,69516.1275728606,23.162104470655304,3503.1761563262603
181.0,45227.482826449006,26.723162444774104,5521.5074051112
93.0,58793.6143088154,56.49441040540111,4391.981053651471
1897.0,35993.9897595905,53.9390205498785,93.89580488374207
725.0,23120.8796077408,40.296722322236704,1417.84652200166
865.0,21856.2335288152,47.7227678541094,1500.6537452812197
1824.0,48938.5834359564,59.7079242304899,3028.83461924592
231.0,65743.7036675401,52.3005040958524,7724.57141377445
1027.0,39819.920940790296,63.384797013364704,3577.44768965771
30.0,58842.8913080133,54.51094756368551,10871.1867897838
1982.0,62619.1559876315,43.9994611074217,3959.61177187414
497.0,59998.253271915,54.3089268133044,4659.53597585937
1491.0,66370.88875751941,63.113496308215,5176.36116095836
1414.0,51027.5676078163,61.5062966248952,3313.3004103866497
531.0,61006.1073023826,54.1812955695204,5850.77069132097
552.0,51035.6334550306,58.9949772898108,2889.8801946867497
881.0,67730.44369649139,26.3031469769776,8881.58363601412
622.0,53239.5007135347,63.5151151381433,4606.156805288821
586.0,58320.80889260401,20.2576053403318,10033.491680429
1211.0,69132.4625792913,33.471181642264106,7621.410218952421
1773.0,35949.8964087106,56.7387455981225,3680.17702845819
1846.0,45382.8078974038,42.5163445896469,2742.45497541323
1233.0,53284.1196795925,32.1432149559259,849.545184282307
748.0,67385.40317630401,29.0336793586612,6747.232379118979
1546.0,56887.2027960606,36.4170332560316,10969.5966863322
1718.0,45165.9259549342,37.9000043827109,5534.5507976726
1050.0,23787.3670458794,36.3117125998251,3041.55290815678
384.0,50648.1984443963,56.5173067129217,7110.755833314191
1995.0,24254.7007906251,37.7516222363338,2225.28464348945
68.0,30735.808499157403,22.242097743786896,5946.822296779959
15.0,63061.9601742364,39.2015528911725,1850.36937703064
370.0,50310.4224381968,53.03869686415421,8361.7191002815
125.0,61952.906688675306,18.477425018791106,3635.6005890215
946.0,63558.8640859351,36.3568546553142,9282.92773534658
650.0,57827.6631003246,23.9729682495818,10816.7590093935
226.0,58121.668575331605,27.3018002295867,7531.10124850389
668.0,63914.2253715545,26.3497418938205,139.31457194860002
186.0,64619.6646196768,26.042092686519,9704.7824094498
1841.0,29838.1248069927,25.8950840602629,5913.64955570739
103.0,62895.7497701049,49.9226037161425,2001.28151391029
1397.0,63271.6088253073,23.3420981327072,11298.172191103702
1476.0,30391.473304480296,59.264770790003205,2072.63406602468
1045.0,58176.1549273506,52.17576008895411,9852.1411102884
1619.0,67131.8026888184,58.0628085201606,2271.4045367837102
573.0,22279.2997653596,58.907327611930704,3141.3385363147
908.0,43388.209473341696,35.7043567909859,7007.1542526718
1347.0,48290.8804598264,30.0367608438246,4902.97522079205
1488.0,53934.8122710362,21.4743404272012,2085.81763906667
295.0,36559.1350290924,19.7161760875024,3030.26724082269
286.0,65670.8834390156,50.0046984688379,3950.870172149721
66.0,40622.1948727034,41.5271887867711,4949.90233344449
1128.0,21448.8279935904,31.7951883119531,1989.18297633362
1212.0,38477.3255954497,27.346331781707697,289.57658198580503
1361.0,52529.6987663023,18.812804243993,9808.190939503142
2000.0,69436.57955154781,56.1526170284487,7378.833598730591
1312.0,45311.831838917,26.928214998450105,3103.8122277069
1970.0,56441.016243770704,43.20699110673739,9043.75604444505
1895.0,57802.429695148,43.041728856042006,6796.59093473349
1097.0,25032.300937455097,46.3105889745057,680.9047821836081
1611.0,69695.1504494064,26.4244834128767,8418.25315995041
1577.0,50565.3370916843,62.6558653847314,693.196416870457
1713.0,53078.8558349013,49.17618969455361,10566.3538692233
436.0,29621.2748787366,32.4554232852533,5575.2536907666
320.0,27789.5190566778,58.5191334835254,186.828073932876
1025.0,23891.244565602403,51.029204678721705,3475.9054232585304
328.0,45183.0541761592,33.8955782176927,5953.45352370895
1081.0,45918.875250499696,38.6421196153387,1910.32953084278
355.0,32312.8533829004,28.155320470687,228.330803623653
1264.0,25640.0788831525,22.656479598488698,3105.4430213977303
880.0,30383.6763300933,46.8319495972246,2153.60772508337
933.0,20310.5775569566,54.2647477448918,1279.11309760756
392.0,23241.5998866782,40.8477560305037,457.19661720842697
1715.0,58121.954689268,58.363808711525095,5161.10740861136
1766.0,55093.92122505231,55.1760833254084,6485.3015902704
1537.0,64087.858812417806,38.037175831385,722.519589232964
506.0,48689.0004295856,36.563092165160896,3859.471822981629
777.0,65451.496518217005,60.27638934040439,8129.0489314653405
915.0,47240.2531234547,55.0097213611007,4286.345614412679
507.0,56510.8353551477,47.308286137413205,9255.43964893025
1086.0,28482.6495498419,19.7837881306186,329.450042227758
1943.0,49990.6601081602,45.5427551227622,1896.75499382091
952.0,59267.3391965218,34.9126990740187,5085.311918671479
1356.0,62657.602543477005,28.1742570637725,5771.08825374589
1252.0,44932.875111699104,27.147057728841897,622.912810540852
116.0,39703.759427648,47.4687409927137,2403.4782156904503
1346.0,53187.9796460271,63.5581642580219,4879.84613933048
1707.0,51199.8698394746,22.403576805722,4064.8180932401897
338.0,24658.8993165642,59.4365005721338,590.598081194187
641.0,31091.276304796294,50.8955430407077,4071.08303444266
110.0,28255.6525128894,35.5140173663385,2109.2427976728
682.0,20908.335100393702,28.818521979264897,3133.6244473393394
50.0,68427.163111046,46.308240193408,1658.07023321236
1175.0,36008.3809983917,20.6262163859792,3709.3044307035298
1440.0,29237.2562037781,24.597573836334,23.916427866718895
1336.0,42604.4629816897,41.9363810308278,7942.16814459979
1979.0,58533.8846826926,40.5189625560306,7832.44332069255
387.0,34475.2179738134,42.307918459177,3162.1338373512704
642.0,66871.2673638947,62.6893636430614,3614.26818549068
1635.0,61427.4146431126,20.1080088275485,2163.31248732975
484.0,29174.240310676403,18.5286279926077,665.577000121256
515.0,61528.2724192366,55.9030230478384,10897.9054797653
377.0,54748.9123116247,31.596858642529696,5438.09369329612
1135.0,49264.2683256418,19.0065262741409,801.779606017874
314.0,48134.1569265351,47.9696752321906,2075.59611242181
1104.0,35403.427334968,34.645415822044,2929.3597040424297
936.0,62887.76266621429,42.8418413973413,6849.48422314614
862.0,44299.3717431091,24.3714581453241,5154.909842680399
1790.0,20742.6969707012,61.5984211568721,2295.81809350674
334.0,48018.211456947,50.2041390226223,6120.090021073979
1782.0,44867.61524342,55.81275256024671,366.101104406139
1138.0,20113.2534933276,30.132575557101497,2507.64970973955
1051.0,69456.5677712671,48.05355677986521,13171.463290824842
1646.0,64126.4916793443,19.2978535289876,4956.94156453161
1961.0,68131.66429521519,57.40525788953529,7813.23982954838
1457.0,35609.4783451408,47.8863935419358,2574.09343236607
602.0,26168.0122744292,41.9411697583273,3040.9813501286403
1148.0,49255.45796751981,36.6181475799531,4951.91577108814
1108.0,20674.897083081298,23.9998828670941,299.825137750899
118.0,63062.1420964599,26.585778484121,56.16616438732
1169.0,20155.792362056694,41.92236195551229,3489.95714756947
1368.0,46801.274286117405,34.6052206088789,5315.97382040511
313.0,51455.0984534435,37.2856837031431,9447.117157424407
390.0,24987.934092059702,49.0651086377911,3946.89824562224
503.0,66326.4724705368,40.9803287507966,5602.16002178427
403.0,58079.1569012217,18.6630267929286,11540.045811650702
648.0,46195.62166510151,26.6271984525956,2888.6337275749297
630.0,34601.6826620325,33.8505223579705,2430.10161848915
5.0,66952.68884534019,18.5843359269202,8770.09923520439
230.0,65588.4034163319,22.9182122629136,7879.738136012421
1521.0,67035.32642452049,46.099209739361,11276.6225405751
97.0,41970.7244774327,63.16991394385701,1622.31739232604
815.0,26267.2214000486,58.79376695957029,1136.11727060881
35.0,57584.9737902172,36.672020919621,1728.4237547148
391.0,29672.5608105771,51.0198048097081,607.909484188127
1777.0,33816.223340109,60.248191382736,5265.743252438289
91.0,64275.834888685495,61.440913001541006,7520.032053087841
200.0,41679.9371177331,53.6699082404375,395.000775087053
693.0,54780.3456126712,61.388971141073895,8134.220407851591
1543.0,37895.1817331836,54.5151493181475,6071.34020471132
1259.0,47433.4154208191,60.4551652302034,9139.14371046925
214.0,62658.221628516905,25.4631600710563,3343.36716094004
1586.0,45980.3343447857,31.9483236707747,5929.09802983651
1132.0,40069.3383812904,43.3134618895128,3646.05161791101
1345.0,33084.1698497534,59.0291022560559,5762.46995805143
296.0,57787.565658800304,22.6446692147292,6339.85084448677
1459.0,54935.658378526605,42.95419475203379,7921.83050973712
1964.0,28858.5988734849,23.694589723832895,3764.8151742023297
966.0,52920.148014091,20.9909665295854,9521.769942117133
522.0,25789.2097975127,26.494169670157103,2410.2774142149
1682.0,66209.1442663223,45.188193826470496,7134.65611853662
1112.0,34760.0193158723,34.260301864240304,28.8825344418559
1617.0,68338.0974037573,34.3344714795239,12840.6967096981
1960.0,38755.1627052017,56.3554266071878,4244.49803308998
1274.0,24369.8412482627,61.73937930725511,1366.53602502689
128.0,26458.3832048811,59.5229867356829,552.398166405428
887.0,39102.041714359104,29.3008653833531,4200.697505155999
516.0,31196.4917741716,47.1787848910317,987.261536638484
290.0,24969.5268040523,45.1209932160564,3595.50194172919
1448.0,20126.4137681574,36.4609444406815,1432.3558619028302
102.0,41285.1723073982,47.9763081613928,2313.8250047974
834.0,53483.3740023896,29.1899978881702,1459.66859888829
851.0,26934.1974449344,35.979010198731,4113.299166910279
704.0,36017.9027472623,43.5236232024617,1526.3924759160502
1884.0,22748.0330434628,26.94071725104,108.629911344562
1677.0,61893.4836401604,19.179906499572105,6038.16266197042
817.0,38268.6966028996,30.676849837880603,2522.05718465992
662.0,49067.0912945643,60.5445980723016,7258.968491635759
1538.0,65824.5156565681,40.6219201330096,2643.10643205609
1249.0,60178.4461922944,33.2614089385606,3203.61543829573
420.0,64940.241088625,43.9410412409343,8196.93072552584
1365.0,30958.9079627767,43.6035659527406,1558.9307648094
330.0,44527.2589032538,42.09009227762,4588.472285879389
1305.0,22372.5052364171,31.4930495396256,1118.92606413711
1508.0,32291.5445477702,39.174613640178,277.387568479942
1223.0,46546.7045479454,60.7597446986474,254.843578632033
789.0,62109.7670914605,41.2409060192294,2816.4301578897102
962.0,61200.4274781793,19.2277783197351,406.8518611561721
369.0,42843.0991293862,28.6317861331627,839.8690240153251
629.0,48757.7650509775,23.076034987811,1833.58105081134
488.0,26957.0538704284,55.2648774106055,4172.98823810663
416.0,48630.9795337729,27.0216773641296,5862.83302915672
1570.0,56201.841430738605,43.277520182542496,8346.32092177162
389.0,20660.6689537875,49.363881094846896,1756.03762496614
1629.0,52263.355504255705,34.2960922359489,10161.9466747561
686.0,57765.521160326905,43.88730905111879,5445.22266010925
1257.0,43528.4843132831,59.8920270679519,2264.72515178074
1674.0,60019.4471352734,19.3824147786945,6978.34712803046
1163.0,58132.4712652713,29.380949851125497,5491.03560172096
1878.0,61485.179599840194,60.1881995359436,3211.67028085464
1911.0,27363.6317974888,44.3864208948798,3215.26309296887
1591.0,65688.7315027416,24.5644754115492,3673.8704148985703
229.0,64780.93853686,20.2281011762097,8402.415585756991
836.0,29496.5941272676,54.66582085750999,2216.9753341908604
1850.0,55763.4274172597,30.5854479665868,7913.83773387785
